danceability,energy,key,loudness,mode,speechiness,acousticness,instrumentalness,liveness,valence,tempo,type,id,uri,track_href,analysis_url,duration_ms,time_signature,popularity,main_artist,playlist
0.786,0.579,2,-14.913,1,0.142,0.186,0,0.118,0.481,90.012,audio_features,7ltsfuHdqTZ5LwPpDy1q0v,spotify:track:7ltsfuHdqTZ5LwPpDy1q0v,https://api.spotify.com/v1/tracks/7ltsfuHdqTZ5LwPpDy1q0v,https://api.spotify.com/v1/audio-analysis/7ltsfuHdqTZ5LwPpDy1q0v,416613,4,45,Sukhwinder Singh,Hindi
0.805,0.67,2,-13.187,1,0.0601,0.0493,5e-05,0.203,0.916,122.992,audio_features,0OXQa6GOzxeYWFopEmASw9,spotify:track:0OXQa6GOzxeYWFopEmASw9,https://api.spotify.com/v1/tracks/0OXQa6GOzxeYWFopEmASw9,https://api.spotify.com/v1/audio-analysis/0OXQa6GOzxeYWFopEmASw9,425413,4,18,Shankar Mahadevan,Hindi
0.767,0.503,9,-13.424,1,0.0828,0.12,9.56e-05,0.158,0.483,141.996,audio_features,6B58TJqjGLQuuZBhQ3UnEA,spotify:track:6B58TJqjGLQuuZBhQ3UnEA,https://api.spotify.com/v1/tracks/6B58TJqjGLQuuZBhQ3UnEA,https://api.spotify.com/v1/audio-analysis/6B58TJqjGLQuuZBhQ3UnEA,309107,4,35,Lata Mangeshkar,Hindi
0.646,0.908,11,-4.68,0,0.0988,0.419,1.57e-06,0.381,0.881,104.238,audio_features,0IYpKZhCeoXB85BslBg3q5,spotify:track:0IYpKZhCeoXB85BslBg3q5,https://api.spotify.com/v1/tracks/0IYpKZhCeoXB85BslBg3q5,https://api.spotify.com/v1/audio-analysis/0IYpKZhCeoXB85BslBg3q5,327227,4,45,Jatin-Lalit,Hindi
0.493,0.947,1,-4.188,0,0.206,0.0815,0.00937,0.0552,0.568,127.986,audio_features,7CcAKQatXMmlr7wi6BaQsI,spotify:track:7CcAKQatXMmlr7wi6BaQsI,https://api.spotify.com/v1/tracks/7CcAKQatXMmlr7wi6BaQsI,https://api.spotify.com/v1/audio-analysis/7CcAKQatXMmlr7wi6BaQsI,297927,4,40,Aditya Narayan,Hindi
0.349,0.596,2,-9.313,1,0.0364,0.177,5.29e-06,0.336,0.329,120.009,audio_features,2vuhZrEHS25D8xNQTSvuuj,spotify:track:2vuhZrEHS25D8xNQTSvuuj,https://api.spotify.com/v1/tracks/2vuhZrEHS25D8xNQTSvuuj,https://api.spotify.com/v1/audio-analysis/2vuhZrEHS25D8xNQTSvuuj,368547,4,24,Vishal-Shekhar,Hindi
0.778,0.812,4,-8.561,0,0.046,0.0573,8.28e-06,0.243,0.791,99.962,audio_features,4w90JoFrkoYfxe4S8DWD7T,spotify:track:4w90JoFrkoYfxe4S8DWD7T,https://api.spotify.com/v1/tracks/4w90JoFrkoYfxe4S8DWD7T,https://api.spotify.com/v1/audio-analysis/4w90JoFrkoYfxe4S8DWD7T,277987,4,31,Vishal-Shekhar,Hindi
0.831,0.866,6,-8.721,0,0.078,0.0417,0.22,0.0682,0.531,96.016,audio_features,5CCrZzRBho2kUBRaTQD4Os,spotify:track:5CCrZzRBho2kUBRaTQD4Os,https://api.spotify.com/v1/tracks/5CCrZzRBho2kUBRaTQD4Os,https://api.spotify.com/v1/audio-analysis/5CCrZzRBho2kUBRaTQD4Os,247073,4,24,Aamir Khan,Hindi
0.595,0.828,2,-8.642,0,0.102,0.767,3.11e-06,0.089,0.841,98.732,audio_features,1DBnQsAclYECi8ybpWs1fv,spotify:track:1DBnQsAclYECi8ybpWs1fv,https://api.spotify.com/v1/tracks/1DBnQsAclYECi8ybpWs1fv,https://api.spotify.com/v1/audio-analysis/1DBnQsAclYECi8ybpWs1fv,291627,4,0,Lata Mangeshkar,Hindi
0.902,0.772,6,-8.29,0,0.0383,0.0452,0.000129,0.12,0.808,131.992,audio_features,3hCUkos0NxuSFl73oOHJzb,spotify:track:3hCUkos0NxuSFl73oOHJzb,https://api.spotify.com/v1/tracks/3hCUkos0NxuSFl73oOHJzb,https://api.spotify.com/v1/audio-analysis/3hCUkos0NxuSFl73oOHJzb,333093,4,45,Shankar-Ehsaan-Loy,Hindi
0.815,0.833,7,-6.117,0,0.0769,0.0297,2e-05,0.33,0.563,99.989,audio_features,7Czm0vv2sYL5z4P51KY66e,spotify:track:7Czm0vv2sYL5z4P51KY66e,https://api.spotify.com/v1/tracks/7Czm0vv2sYL5z4P51KY66e,https://api.spotify.com/v1/audio-analysis/7Czm0vv2sYL5z4P51KY66e,366853,4,48,Shankar-Ehsaan-Loy,Hindi
0.646,0.807,10,-9.05,0,0.037,0.0239,0.145,0.204,0.38,135.957,audio_features,2GAfZQRZCr5OyuZbYjMqb9,spotify:track:2GAfZQRZCr5OyuZbYjMqb9,https://api.spotify.com/v1/tracks/2GAfZQRZCr5OyuZbYjMqb9,https://api.spotify.com/v1/audio-analysis/2GAfZQRZCr5OyuZbYjMqb9,281493,4,19,A.R. Rahman,Hindi
0.693,0.956,1,-5.012,0,0.071,0.289,0,0.294,0.665,90.005,audio_features,1vSXwYeKnzsVvekSpqVabx,spotify:track:1vSXwYeKnzsVvekSpqVabx,https://api.spotify.com/v1/tracks/1vSXwYeKnzsVvekSpqVabx,https://api.spotify.com/v1/audio-analysis/1vSXwYeKnzsVvekSpqVabx,301587,4,44,Ajay-Atul,Hindi
0.606,0.553,0,-12.537,0,0.0764,0.682,6.93e-05,0.191,0.868,130.657,audio_features,0aedk7g7bYBv2fkbk6hcgN,spotify:track:0aedk7g7bYBv2fkbk6hcgN,https://api.spotify.com/v1/tracks/0aedk7g7bYBv2fkbk6hcgN,https://api.spotify.com/v1/audio-analysis/0aedk7g7bYBv2fkbk6hcgN,353693,4,0,Asha Bhosle,Hindi
0.775,0.84,1,-5.074,0,0.179,0.383,0,0.141,0.686,133.077,audio_features,4ViWr3p2fbaLBcejEgxNbb,spotify:track:4ViWr3p2fbaLBcejEgxNbb,https://api.spotify.com/v1/tracks/4ViWr3p2fbaLBcejEgxNbb,https://api.spotify.com/v1/audio-analysis/4ViWr3p2fbaLBcejEgxNbb,337960,4,30,Anu Malik,Hindi
0.73,0.944,3,-3.48,0,0.164,0.266,0.00443,0.0354,0.657,113.309,audio_features,4ila6GeGBPGmJTGRoHOV5E,spotify:track:4ila6GeGBPGmJTGRoHOV5E,https://api.spotify.com/v1/tracks/4ila6GeGBPGmJTGRoHOV5E,https://api.spotify.com/v1/audio-analysis/4ila6GeGBPGmJTGRoHOV5E,273319,3,49,Shreya Ghoshal,Hindi
0.645,0.914,4,-5.772,0,0.15,0.198,0,0.396,0.533,130.941,audio_features,1UV1ej70vDBIdPUEJ40ZG1,spotify:track:1UV1ej70vDBIdPUEJ40ZG1,https://api.spotify.com/v1/tracks/1UV1ej70vDBIdPUEJ40ZG1,https://api.spotify.com/v1/audio-analysis/1UV1ej70vDBIdPUEJ40ZG1,303387,4,36,Kavita Krishnamurthy,Hindi
0.746,0.565,4,-8.993,0,0.101,0.122,0.000286,0.0904,0.462,100.972,audio_features,0hp4qW1zgKnBBiyyAdW3Sz,spotify:track:0hp4qW1zgKnBBiyyAdW3Sz,https://api.spotify.com/v1/tracks/0hp4qW1zgKnBBiyyAdW3Sz,https://api.spotify.com/v1/audio-analysis/0hp4qW1zgKnBBiyyAdW3Sz,362027,4,24,A.R. Rahman,Hindi
0.879,0.487,0,-9.441,1,0.148,0.337,0.000284,0.0706,0.338,116.991,audio_features,32DWojMZeZebVrfBkhAkKy,spotify:track:32DWojMZeZebVrfBkhAkKy,https://api.spotify.com/v1/tracks/32DWojMZeZebVrfBkhAkKy,https://api.spotify.com/v1/audio-analysis/32DWojMZeZebVrfBkhAkKy,329600,4,41,A.R. Rahman,Hindi
0.906,0.699,0,-5.526,1,0.0462,0.13,0.0165,0.178,0.938,129.946,audio_features,4J9n7thOdqi8gxRGNyQoVC,spotify:track:4J9n7thOdqi8gxRGNyQoVC,https://api.spotify.com/v1/tracks/4J9n7thOdqi8gxRGNyQoVC,https://api.spotify.com/v1/audio-analysis/4J9n7thOdqi8gxRGNyQoVC,255907,4,43,Amit Trivedi,Hindi
0.827,0.737,11,-5.473,0,0.0764,0.0316,0.000322,0.211,0.873,121.99,audio_features,3fPgIknlkDWXs1l2noKZbp,spotify:track:3fPgIknlkDWXs1l2noKZbp,https://api.spotify.com/v1/tracks/3fPgIknlkDWXs1l2noKZbp,https://api.spotify.com/v1/audio-analysis/3fPgIknlkDWXs1l2noKZbp,187711,4,40,Badshah,Hindi
0.809,0.831,5,-4.043,0,0.06,0.0162,0.00276,0.0534,0.83,112.016,audio_features,61lJAFZuozwBfomLIHKjRS,spotify:track:61lJAFZuozwBfomLIHKjRS,https://api.spotify.com/v1/tracks/61lJAFZuozwBfomLIHKjRS,https://api.spotify.com/v1/audio-analysis/61lJAFZuozwBfomLIHKjRS,242377,4,41,Miss Pooja,Hindi
0.71,0.812,6,-2.497,0,0.119,0.108,2.14e-06,0.465,0.908,131.983,audio_features,2h1d6XPdBms5i7YwyfOO7q,spotify:track:2h1d6XPdBms5i7YwyfOO7q,https://api.spotify.com/v1/tracks/2h1d6XPdBms5i7YwyfOO7q,https://api.spotify.com/v1/audio-analysis/2h1d6XPdBms5i7YwyfOO7q,238427,4,36,Salim–Sulaiman,Hindi
0.599,0.653,0,-7.576,0,0.122,0.362,0,0.144,0.678,79.968,audio_features,0gRNu9dVzi5aC87AI1empZ,spotify:track:0gRNu9dVzi5aC87AI1empZ,https://api.spotify.com/v1/tracks/0gRNu9dVzi5aC87AI1empZ,https://api.spotify.com/v1/audio-analysis/0gRNu9dVzi5aC87AI1empZ,284573,4,44,Monty Sharma,Hindi
0.53,0.944,8,-2.997,0,0.242,0.00573,1.24e-06,0.216,0.57,178.07,audio_features,4vcry9xhF4JsdVxjQm63R1,spotify:track:4vcry9xhF4JsdVxjQm63R1,https://api.spotify.com/v1/tracks/4vcry9xhF4JsdVxjQm63R1,https://api.spotify.com/v1/audio-analysis/4vcry9xhF4JsdVxjQm63R1,290638,4,31,Aditya Narayan,Hindi
0.822,0.85,4,-7.67,0,0.118,0.172,0.000884,0.22,0.882,101.961,audio_features,0OJ7Bkt4iIfN1hCpqJxA4i,spotify:track:0OJ7Bkt4iIfN1hCpqJxA4i,https://api.spotify.com/v1/tracks/0OJ7Bkt4iIfN1hCpqJxA4i,https://api.spotify.com/v1/audio-analysis/0OJ7Bkt4iIfN1hCpqJxA4i,223373,4,32,Adnan Sami,Hindi
0.652,0.516,6,-8.947,0,0.0633,0.516,7.55e-05,0.0582,0.724,150.053,audio_features,137luWZJ3YPlv5zVKkR68C,spotify:track:137luWZJ3YPlv5zVKkR68C,https://api.spotify.com/v1/tracks/137luWZJ3YPlv5zVKkR68C,https://api.spotify.com/v1/audio-analysis/137luWZJ3YPlv5zVKkR68C,246653,4,32,Kavita Krishnamurthy,Hindi
0.69,0.533,0,-9.741,1,0.0342,0.157,6.02e-05,0.121,0.399,119.924,audio_features,4CKi5CijlpT7ljOgLN7ReX,spotify:track:4CKi5CijlpT7ljOgLN7ReX,https://api.spotify.com/v1/tracks/4CKi5CijlpT7ljOgLN7ReX,https://api.spotify.com/v1/audio-analysis/4CKi5CijlpT7ljOgLN7ReX,319480,4,41,Rahat Fateh Ali Khan,Hindi
0.377,0.822,4,-8.46,0,0.199,0.0439,4.09e-06,0.205,0.648,135.949,audio_features,4Tkd3iSddzW3kjoLwwYoGQ,spotify:track:4Tkd3iSddzW3kjoLwwYoGQ,https://api.spotify.com/v1/tracks/4Tkd3iSddzW3kjoLwwYoGQ,https://api.spotify.com/v1/audio-analysis/4Tkd3iSddzW3kjoLwwYoGQ,226469,5,23,Negar Khan,Hindi
0.407,0.497,9,-8.292,1,0.0398,0.45,1.74e-05,0.129,0.764,102.649,audio_features,5T6yrJuKWnkCH2OlQsoO7z,spotify:track:5T6yrJuKWnkCH2OlQsoO7z,https://api.spotify.com/v1/tracks/5T6yrJuKWnkCH2OlQsoO7z,https://api.spotify.com/v1/audio-analysis/5T6yrJuKWnkCH2OlQsoO7z,165773,4,30,Monty Sharma,Hindi
0.639,0.245,2,-15.25,1,0.0479,0.128,4.69e-06,0.1,0.524,172.05,audio_features,47U38LbRLzE76b6QOPZYtu,spotify:track:47U38LbRLzE76b6QOPZYtu,https://api.spotify.com/v1/tracks/47U38LbRLzE76b6QOPZYtu,https://api.spotify.com/v1/audio-analysis/47U38LbRLzE76b6QOPZYtu,297347,4,25,A.R. Rahman,Hindi
0.65,0.482,4,-8.667,1,0.0281,0.293,0,0.0811,0.517,106.994,audio_features,0rk2X5TAhraBC5aCIXK2Rq,spotify:track:0rk2X5TAhraBC5aCIXK2Rq,https://api.spotify.com/v1/tracks/0rk2X5TAhraBC5aCIXK2Rq,https://api.spotify.com/v1/audio-analysis/0rk2X5TAhraBC5aCIXK2Rq,269185,4,42,Jawad Ahmad,Hindi
0.845,0.555,8,-7.498,1,0.0749,0.00248,1.66e-05,0.0877,0.632,101.967,audio_features,15G2BE9gyafUKNEE3M6eUr,spotify:track:15G2BE9gyafUKNEE3M6eUr,https://api.spotify.com/v1/tracks/15G2BE9gyafUKNEE3M6eUr,https://api.spotify.com/v1/audio-analysis/15G2BE9gyafUKNEE3M6eUr,236093,4,22,Shankar-Ehsaan-Loy,Hindi
0.703,0.848,6,-11.002,1,0.0462,0.282,0.295,0.0454,0.921,144.899,audio_features,4gmL6HURFqPMwx8nWQoOn2,spotify:track:4gmL6HURFqPMwx8nWQoOn2,https://api.spotify.com/v1/tracks/4gmL6HURFqPMwx8nWQoOn2,https://api.spotify.com/v1/audio-analysis/4gmL6HURFqPMwx8nWQoOn2,313027,4,30,Daler Mehndi,Hindi
0.642,0.925,4,-7.154,0,0.173,0.154,0.000278,0.0497,0.591,99.954,audio_features,1Aj3mTJznujGX2ov6Op1cZ,spotify:track:1Aj3mTJznujGX2ov6Op1cZ,https://api.spotify.com/v1/tracks/1Aj3mTJznujGX2ov6Op1cZ,https://api.spotify.com/v1/audio-analysis/1Aj3mTJznujGX2ov6Op1cZ,281480,4,22,Salim–Sulaiman,Hindi
0.845,0.798,5,-10.268,0,0.0709,0.182,0.000317,0.105,0.791,125.496,audio_features,3Ym0zu7yPRhzBjRG450M6A,spotify:track:3Ym0zu7yPRhzBjRG450M6A,https://api.spotify.com/v1/tracks/3Ym0zu7yPRhzBjRG450M6A,https://api.spotify.com/v1/audio-analysis/3Ym0zu7yPRhzBjRG450M6A,343773,4,15,Asha Bhosle,Hindi
0.626,0.69,5,-5.851,1,0.0595,0.329,0.000209,0.134,0.566,79.995,audio_features,2bTOQ3zfHVDEBX9ffy3JzR,spotify:track:2bTOQ3zfHVDEBX9ffy3JzR,https://api.spotify.com/v1/tracks/2bTOQ3zfHVDEBX9ffy3JzR,https://api.spotify.com/v1/audio-analysis/2bTOQ3zfHVDEBX9ffy3JzR,427547,4,41,Sandesh Shandilya,Hindi
0.59,0.875,5,-5.294,1,0.171,0.45,1.18e-05,0.164,0.736,96.915,audio_features,1uzkWkIaWaxzHJgJ4Fy5rO,spotify:track:1uzkWkIaWaxzHJgJ4Fy5rO,https://api.spotify.com/v1/tracks/1uzkWkIaWaxzHJgJ4Fy5rO,https://api.spotify.com/v1/audio-analysis/1uzkWkIaWaxzHJgJ4Fy5rO,408133,4,49,Jatin-Lalit,Hindi
0.532,0.529,0,-8.402,1,0.0352,0.334,0.000144,0.078,0.295,81.989,audio_features,251PNRmJU9KcUnFQAB5t6I,spotify:track:251PNRmJU9KcUnFQAB5t6I,https://api.spotify.com/v1/tracks/251PNRmJU9KcUnFQAB5t6I,https://api.spotify.com/v1/audio-analysis/251PNRmJU9KcUnFQAB5t6I,321240,4,51,Shankar-Ehsaan-Loy,Hindi
0.854,0.449,10,-10.762,1,0.0939,0.0796,0.015,0.111,0.533,93.998,audio_features,4pVnxSz312uhq2hM3b8CAO,spotify:track:4pVnxSz312uhq2hM3b8CAO,https://api.spotify.com/v1/tracks/4pVnxSz312uhq2hM3b8CAO,https://api.spotify.com/v1/audio-analysis/4pVnxSz312uhq2hM3b8CAO,182533,4,30,Abhishek Bachchan,Hindi
0.593,0.89,11,-5.466,1,0.0549,0.0486,0.0611,0.383,0.747,206.001,audio_features,38VzBZpQcPMbcRd1dGA5t3,spotify:track:38VzBZpQcPMbcRd1dGA5t3,https://api.spotify.com/v1/tracks/38VzBZpQcPMbcRd1dGA5t3,https://api.spotify.com/v1/audio-analysis/38VzBZpQcPMbcRd1dGA5t3,248867,4,15,Mehmood,Hindi
0.744,0.7,2,-7.663,1,0.0376,0.278,0.000155,0.068,0.866,144.043,audio_features,4FeczSomVWVyU4FW7xDeAI,spotify:track:4FeczSomVWVyU4FW7xDeAI,https://api.spotify.com/v1/tracks/4FeczSomVWVyU4FW7xDeAI,https://api.spotify.com/v1/audio-analysis/4FeczSomVWVyU4FW7xDeAI,309640,4,47,A.R. Rahman,Hindi
0.657,0.357,7,-16.269,1,0.0606,0.198,3.05e-06,0.0621,0.507,87.961,audio_features,5JWpN1YtsTFVzv5cjTAvNr,spotify:track:5JWpN1YtsTFVzv5cjTAvNr,https://api.spotify.com/v1/tracks/5JWpN1YtsTFVzv5cjTAvNr,https://api.spotify.com/v1/audio-analysis/5JWpN1YtsTFVzv5cjTAvNr,460498,4,39,A.R. Rahman,Hindi
0.729,0.505,7,-9.236,1,0.323,0.229,0,0.0975,0.723,148.435,audio_features,0wnLMEOQlyW3Es1ag0HMVV,spotify:track:0wnLMEOQlyW3Es1ag0HMVV,https://api.spotify.com/v1/tracks/0wnLMEOQlyW3Es1ag0HMVV,https://api.spotify.com/v1/audio-analysis/0wnLMEOQlyW3Es1ag0HMVV,334707,3,38,A.R. Rahman,Hindi
0.862,0.673,7,-6.686,1,0.0688,0.33,0.00856,0.0961,0.841,105.003,audio_features,0MjL7YQ02qH7nxfayhbmfp,spotify:track:0MjL7YQ02qH7nxfayhbmfp,https://api.spotify.com/v1/tracks/0MjL7YQ02qH7nxfayhbmfp,https://api.spotify.com/v1/audio-analysis/0MjL7YQ02qH7nxfayhbmfp,260027,4,27,Amit Trivedi,Hindi
0.747,0.81,11,-8.352,0,0.0541,0.0688,0.0405,0.0592,0.937,130.012,audio_features,0BCvOJLiHrqQaZzr74JknK,spotify:track:0BCvOJLiHrqQaZzr74JknK,https://api.spotify.com/v1/tracks/0BCvOJLiHrqQaZzr74JknK,https://api.spotify.com/v1/audio-analysis/0BCvOJLiHrqQaZzr74JknK,285213,4,18,Vishal-Shekhar,Hindi
0.689,0.868,10,-7.156,0,0.0415,0.345,0.000409,0.204,0.869,94.987,audio_features,5gpcxwkwGqSwPxOhhR52vp,spotify:track:5gpcxwkwGqSwPxOhhR52vp,https://api.spotify.com/v1/tracks/5gpcxwkwGqSwPxOhhR52vp,https://api.spotify.com/v1/audio-analysis/5gpcxwkwGqSwPxOhhR52vp,186933,4,20,Robert Uhlmarash,Hindi
0.69,0.939,10,-6.441,0,0.0583,0.0102,0.0288,0.12,0.615,125.006,audio_features,3UaP2PQwhA31keZXt7oPLA,spotify:track:3UaP2PQwhA31keZXt7oPLA,https://api.spotify.com/v1/tracks/3UaP2PQwhA31keZXt7oPLA,https://api.spotify.com/v1/audio-analysis/3UaP2PQwhA31keZXt7oPLA,342093,4,43,Vishal-Shekhar,Hindi
0.667,0.74,7,-6.406,1,0.0314,0.301,1.71e-06,0.112,0.189,103.957,audio_features,4LwrgltRSrddxeyhIPSoqa,spotify:track:4LwrgltRSrddxeyhIPSoqa,https://api.spotify.com/v1/tracks/4LwrgltRSrddxeyhIPSoqa,https://api.spotify.com/v1/audio-analysis/4LwrgltRSrddxeyhIPSoqa,196773,4,51,Troy,Peak Trap
0.814,0.9,5,-3.318,0,0.0605,0.0112,2.01e-06,0.0631,0.761,125.988,audio_features,3K01q0jtSNHeqx5gs97HH2,spotify:track:3K01q0jtSNHeqx5gs97HH2,https://api.spotify.com/v1/tracks/3K01q0jtSNHeqx5gs97HH2,https://api.spotify.com/v1/audio-analysis/3K01q0jtSNHeqx5gs97HH2,196960,4,48,Corbin Bleu,Peak Trap
0.711,0.861,0,-4.863,0,0.106,0.00731,0,0.33,0.687,136.999,audio_features,7e8gFGk8VXcc8BmkaN58l4,spotify:track:7e8gFGk8VXcc8BmkaN58l4,https://api.spotify.com/v1/tracks/7e8gFGk8VXcc8BmkaN58l4,https://api.spotify.com/v1/audio-analysis/7e8gFGk8VXcc8BmkaN58l4,231093,4,32,Troy,Peak Trap
0.628,0.873,9,-5.69,1,0.0355,0.094,0,0.555,0.565,140.099,audio_features,0oo5zVjH4CyTsm5FctRlnL,spotify:track:0oo5zVjH4CyTsm5FctRlnL,https://api.spotify.com/v1/tracks/0oo5zVjH4CyTsm5FctRlnL,https://api.spotify.com/v1/audio-analysis/0oo5zVjH4CyTsm5FctRlnL,125493,4,34,Ashley Tisdale,Peak Trap
0.795,0.784,5,-5.933,0,0.0983,0.0752,0,0.101,0.9,124.913,audio_features,5U4wYRHrCRxRP6iQfM824C,spotify:track:5U4wYRHrCRxRP6iQfM824C,https://api.spotify.com/v1/tracks/5U4wYRHrCRxRP6iQfM824C,https://api.spotify.com/v1/audio-analysis/5U4wYRHrCRxRP6iQfM824C,50613,4,47,Selena Gomez,Peak Trap
0.714,0.946,7,-3.54,1,0.089,0.164,0,0.0658,0.895,163.085,audio_features,4Cd01GWLuMTNZhW0DE7cF4,spotify:track:4Cd01GWLuMTNZhW0DE7cF4,https://api.spotify.com/v1/tracks/4Cd01GWLuMTNZhW0DE7cF4,https://api.spotify.com/v1/audio-analysis/4Cd01GWLuMTNZhW0DE7cF4,117840,4,45,Phineas and the Ferbtones,Peak Trap
0.599,0.888,11,-2.931,0,0.0514,0.0273,0,0.28,0.833,121.05,audio_features,5lEsM6qpuzuZwij6jIZPvP,spotify:track:5lEsM6qpuzuZwij6jIZPvP,https://api.spotify.com/v1/tracks/5lEsM6qpuzuZwij6jIZPvP,https://api.spotify.com/v1/audio-analysis/5lEsM6qpuzuZwij6jIZPvP,197587,4,54,Big Time Rush,Peak Trap
0.614,0.919,11,-3.011,0,0.0413,0.00577,0,0.334,0.514,104.063,audio_features,10xcIQQEJSEIOgG1HvS3t9,spotify:track:10xcIQQEJSEIOgG1HvS3t9,https://api.spotify.com/v1/tracks/10xcIQQEJSEIOgG1HvS3t9,https://api.spotify.com/v1/audio-analysis/10xcIQQEJSEIOgG1HvS3t9,169250,4,49,Selena Gomez,Peak Trap
0.593,0.97,10,-4.187,0,0.0716,0.0703,8.84e-06,0.314,0.809,131.995,audio_features,1GBknQ67DCfKTPms1dw9EW,spotify:track:1GBknQ67DCfKTPms1dw9EW,https://api.spotify.com/v1/tracks/1GBknQ67DCfKTPms1dw9EW,https://api.spotify.com/v1/audio-analysis/1GBknQ67DCfKTPms1dw9EW,200827,4,57,Hannah Montana,Peak Trap
0.734,0.698,11,-3.923,1,0.143,0.0173,0,0.182,0.967,124.858,audio_features,5Plb8xps8VZRF2sXlrPi3Q,spotify:track:5Plb8xps8VZRF2sXlrPi3Q,https://api.spotify.com/v1/tracks/5Plb8xps8VZRF2sXlrPi3Q,https://api.spotify.com/v1/audio-analysis/5Plb8xps8VZRF2sXlrPi3Q,50933,4,41,Raven-Symoné,Peak Trap
0.531,0.766,8,-7.692,1,0.0582,0.0056,0,0.201,0.532,130.048,audio_features,1rS3J4u1G8f6hbmTosa8Nf,spotify:track:1rS3J4u1G8f6hbmTosa8Nf,https://api.spotify.com/v1/tracks/1rS3J4u1G8f6hbmTosa8Nf,https://api.spotify.com/v1/audio-analysis/1rS3J4u1G8f6hbmTosa8Nf,179493,4,51,Drake Bell,Peak Trap
0.587,0.882,9,-5.01,0,0.308,0.00337,0,0.271,0.755,208.07,audio_features,6p6TjiJHc1kJQt5dXzkdrs,spotify:track:6p6TjiJHc1kJQt5dXzkdrs,https://api.spotify.com/v1/tracks/6p6TjiJHc1kJQt5dXzkdrs,https://api.spotify.com/v1/audio-analysis/6p6TjiJHc1kJQt5dXzkdrs,216250,4,55,CHAD,Peak Trap
0.668,0.964,7,-4.335,0,0.0806,0.128,2.32e-06,0.705,0.758,114.866,audio_features,0pVckwSpyc30WvDUffQLk3,spotify:track:0pVckwSpyc30WvDUffQLk3,https://api.spotify.com/v1/tracks/0pVckwSpyc30WvDUffQLk3,https://api.spotify.com/v1/audio-analysis/0pVckwSpyc30WvDUffQLk3,149027,4,28,Ashley Tisdale,Peak Trap
0.815,0.824,0,-4.511,0,0.251,0.189,0,0.0683,0.888,101.89,audio_features,2kM7fxFNAtA7lo4nAS2Hvj,spotify:track:2kM7fxFNAtA7lo4nAS2Hvj,https://api.spotify.com/v1/tracks/2kM7fxFNAtA7lo4nAS2Hvj,https://api.spotify.com/v1/audio-analysis/2kM7fxFNAtA7lo4nAS2Hvj,97693,4,42,Candace,Peak Trap
0.532,0.939,7,-3.14,1,0.0637,0.101,0,0.385,0.797,141.944,audio_features,3waY7uu8cniaQw5Auf0MOp,spotify:track:3waY7uu8cniaQw5Auf0MOp,https://api.spotify.com/v1/tracks/3waY7uu8cniaQw5Auf0MOp,https://api.spotify.com/v1/audio-analysis/3waY7uu8cniaQw5Auf0MOp,147280,4,48,Sharpay Evans,Peak Trap
0.454,0.708,10,-4.526,0,0.0675,0.00124,0.000181,0.0679,0.483,192.18,audio_features,5Q0Nhxo0l2bP3pNjpGJwV1,spotify:track:5Q0Nhxo0l2bP3pNjpGJwV1,https://api.spotify.com/v1/tracks/5Q0Nhxo0l2bP3pNjpGJwV1,https://api.spotify.com/v1/audio-analysis/5Q0Nhxo0l2bP3pNjpGJwV1,202067,4,72,Miley Cyrus,Peak Trap
0.363,0.897,4,-4.069,1,0.0666,0.0073,0,0.35,0.367,144.868,audio_features,3JG2VnwaVmVLf8BUGw7QlK,spotify:track:3JG2VnwaVmVLf8BUGw7QlK,https://api.spotify.com/v1/tracks/3JG2VnwaVmVLf8BUGw7QlK,https://api.spotify.com/v1/audio-analysis/3JG2VnwaVmVLf8BUGw7QlK,194600,4,39,Jonas Brothers,Peak Trap
0.814,0.884,11,-5.238,0,0.112,0.0803,0,0.0389,0.962,120.077,audio_features,76Wrq73y3Ef7VNM4CGSZ0l,spotify:track:76Wrq73y3Ef7VNM4CGSZ0l,https://api.spotify.com/v1/tracks/76Wrq73y3Ef7VNM4CGSZ0l,https://api.spotify.com/v1/audio-analysis/76Wrq73y3Ef7VNM4CGSZ0l,93600,4,41,2 Guys n the Parque,Peak Trap
0.664,0.899,7,-3.848,1,0.265,0.222,1.25e-05,0.0909,0.811,164.806,audio_features,0gG4SZ5weal3dd11pf5SzV,spotify:track:0gG4SZ5weal3dd11pf5SzV,https://api.spotify.com/v1/tracks/0gG4SZ5weal3dd11pf5SzV,https://api.spotify.com/v1/audio-analysis/0gG4SZ5weal3dd11pf5SzV,47240,4,40,Randy Crenshaw,Peak Trap
0.443,0.472,5,-14.567,1,0.258,0.702,0,0.0798,0.847,62.402,audio_features,6oYkwjI1TKP9D0Y9II1GT7,spotify:track:6oYkwjI1TKP9D0Y9II1GT7,https://api.spotify.com/v1/tracks/6oYkwjI1TKP9D0Y9II1GT7,https://api.spotify.com/v1/audio-analysis/6oYkwjI1TKP9D0Y9II1GT7,195147,4,65,Samuel E. Wright,Peak Trap
0.749,0.429,2,-8.908,1,0.321,0.915,0,0.617,0.954,80.325,audio_features,0gdLTqxAY4DDUQxXzmwj1z,spotify:track:0gdLTqxAY4DDUQxXzmwj1z,https://api.spotify.com/v1/tracks/0gdLTqxAY4DDUQxXzmwj1z,https://api.spotify.com/v1/audio-analysis/0gdLTqxAY4DDUQxXzmwj1z,84827,4,47,Spongebob Squarepants,Peak Trap
0.74,0.803,9,-3.797,1,0.21,0.0909,0,0.025,0.895,95.969,audio_features,41vXrvl9HIfUpijbIgi5R6,spotify:track:41vXrvl9HIfUpijbIgi5R6,https://api.spotify.com/v1/tracks/41vXrvl9HIfUpijbIgi5R6,https://api.spotify.com/v1/audio-analysis/41vXrvl9HIfUpijbIgi5R6,135867,4,40,Phineas,Peak Trap
0.919,0.839,1,-6.402,0,0.159,0.0331,0,0.0514,0.964,95.017,audio_features,2wwtLxWeiSWEbmpX9o40IN,spotify:track:2wwtLxWeiSWEbmpX9o40IN,https://api.spotify.com/v1/tracks/2wwtLxWeiSWEbmpX9o40IN,https://api.spotify.com/v1/audio-analysis/2wwtLxWeiSWEbmpX9o40IN,47160,4,37,Ferb,Peak Trap
0.56,0.538,2,-7.326,0,0.255,0.644,0,0.159,0.808,91.558,audio_features,3LHMFgMolEbhhGBC47OuAi,spotify:track:3LHMFgMolEbhhGBC47OuAi,https://api.spotify.com/v1/tracks/3LHMFgMolEbhhGBC47OuAi,https://api.spotify.com/v1/audio-analysis/3LHMFgMolEbhhGBC47OuAi,56067,1,49,Spongebob Squarepants,Peak Trap
0.527,0.868,2,-6.136,1,0.0287,1.28e-05,0.0247,0.229,0.643,105.987,audio_features,3xZek9XkEaX130o3XN9cvd,spotify:track:3xZek9XkEaX130o3XN9cvd,https://api.spotify.com/v1/tracks/3xZek9XkEaX130o3XN9cvd,https://api.spotify.com/v1/audio-analysis/3xZek9XkEaX130o3XN9cvd,174027,4,50,Spongebob Squarepants,Peak Trap
0.824,0.684,10,-7.354,0,0.0935,0.00278,1.45e-06,0.0481,0.87,101.152,audio_features,0UREO3QWbXJW3gOUXpK1am,spotify:track:0UREO3QWbXJW3gOUXpK1am,https://api.spotify.com/v1/tracks/0UREO3QWbXJW3gOUXpK1am,https://api.spotify.com/v1/audio-analysis/0UREO3QWbXJW3gOUXpK1am,177267,4,63,DJ Jazzy Jeff & The Fresh Prince,Peak Trap
0.537,0.701,2,-3.168,1,0.049,0.215,0,0.123,0.757,150.168,audio_features,1xbCQn1F1tbAElP2GoJ8pr,spotify:track:1xbCQn1F1tbAElP2GoJ8pr,https://api.spotify.com/v1/tracks/1xbCQn1F1tbAElP2GoJ8pr,https://api.spotify.com/v1/audio-analysis/1xbCQn1F1tbAElP2GoJ8pr,112667,4,20,Olivia Olson,Peak Trap
0.538,0.907,7,-3.743,0,0.0494,0.122,0,0.381,0.562,144.979,audio_features,6xG2ZGudUgtV235xvDlSEt,spotify:track:6xG2ZGudUgtV235xvDlSEt,https://api.spotify.com/v1/tracks/6xG2ZGudUgtV235xvDlSEt,https://api.spotify.com/v1/audio-analysis/6xG2ZGudUgtV235xvDlSEt,196827,4,58,Pokémon,Peak Trap
0.878,0.561,7,-9.66,0,0.0486,0.497,0,0.0611,0.896,122.366,audio_features,2lExwdmloBIB6Y07WSHW5g,spotify:track:2lExwdmloBIB6Y07WSHW5g,https://api.spotify.com/v1/tracks/2lExwdmloBIB6Y07WSHW5g,https://api.spotify.com/v1/audio-analysis/2lExwdmloBIB6Y07WSHW5g,62229,4,32,Mr Dooves,Peak Trap
0.73,0.671,0,-10.1,0,0.0376,0.155,0.0157,0.0726,0.974,130.842,audio_features,6L33GgWMpd53M1vldLstrW,spotify:track:6L33GgWMpd53M1vldLstrW,https://api.spotify.com/v1/tracks/6L33GgWMpd53M1vldLstrW,https://api.spotify.com/v1/audio-analysis/6L33GgWMpd53M1vldLstrW,31307,4,40,Mr Dooves,Peak Trap
0.366,0.349,4,-17.134,1,0.0817,0.581,0,0.242,0.788,176.268,audio_features,3wjgPeXocinhLyPL37p70e,spotify:track:3wjgPeXocinhLyPL37p70e,https://api.spotify.com/v1/tracks/3wjgPeXocinhLyPL37p70e,https://api.spotify.com/v1/audio-analysis/3wjgPeXocinhLyPL37p70e,146053,4,60,Lea Salonga,Peak Trap
0.732,0.724,0,-2.104,1,0.101,0.511,0,0.0491,0.808,140.13,audio_features,66TRwr5uJwPt15mfFkzhbi,spotify:track:66TRwr5uJwPt15mfFkzhbi,https://api.spotify.com/v1/tracks/66TRwr5uJwPt15mfFkzhbi,https://api.spotify.com/v1/audio-analysis/66TRwr5uJwPt15mfFkzhbi,221933,4,71,Soulja Boy,Peak Trap
0.943,0.505,10,-12.124,0,0.0734,0.0793,3.84e-05,0.081,0.463,98.861,audio_features,15SgAfCwXlyxMNPFgWkAlc,spotify:track:15SgAfCwXlyxMNPFgWkAlc,https://api.spotify.com/v1/tracks/15SgAfCwXlyxMNPFgWkAlc,https://api.spotify.com/v1/audio-analysis/15SgAfCwXlyxMNPFgWkAlc,30891,4,45,Thomas & Friends,Peak Trap
0.356,0.939,9,-1.433,1,0.0714,0.1,0.0173,0.685,0.471,117.75,audio_features,3FouudxPO6B0mYAXQWtc7b,spotify:track:3FouudxPO6B0mYAXQWtc7b,https://api.spotify.com/v1/tracks/3FouudxPO6B0mYAXQWtc7b,https://api.spotify.com/v1/audio-analysis/3FouudxPO6B0mYAXQWtc7b,145867,4,25,Drake Bell,Peak Trap
0.454,0.842,0,-5.68,1,0.0484,0.0108,0,0.378,0.632,159.914,audio_features,5YNhmCXEqrlftVm5QJBJFI,spotify:track:5YNhmCXEqrlftVm5QJBJFI,https://api.spotify.com/v1/tracks/5YNhmCXEqrlftVm5QJBJFI,https://api.spotify.com/v1/audio-analysis/5YNhmCXEqrlftVm5QJBJFI,127693,4,44,Drake Bell,Peak Trap
0.422,0.264,8,-7.064,1,0.0322,0.922,0,0.132,0.331,119.93,audio_features,3U4isOIWM3VvDubwSI3y7a,spotify:track:3U4isOIWM3VvDubwSI3y7a,https://api.spotify.com/v1/tracks/3U4isOIWM3VvDubwSI3y7a,https://api.spotify.com/v1/audio-analysis/3U4isOIWM3VvDubwSI3y7a,269560,4,83,John Legend,Frictionless
0.699,0.601,0,-6.48,1,0.0304,0.0972,1.17e-05,0.562,0.434,98.04,audio_features,6olUplztLFFfU7fMYmFXOP,spotify:track:6olUplztLFFfU7fMYmFXOP,https://api.spotify.com/v1/tracks/6olUplztLFFfU7fMYmFXOP,https://api.spotify.com/v1/audio-analysis/6olUplztLFFfU7fMYmFXOP,252013,4,74,Childish Gambino,Frictionless
0.516,0.718,5,-8.571,0,0.257,0.15,0.0163,0.167,0.588,129.857,audio_features,7yCw7WbWOIRYe7z2aRjAaA,spotify:track:7yCw7WbWOIRYe7z2aRjAaA,https://api.spotify.com/v1/tracks/7yCw7WbWOIRYe7z2aRjAaA,https://api.spotify.com/v1/audio-analysis/7yCw7WbWOIRYe7z2aRjAaA,210680,4,61,Childish Gambino,Frictionless
0.716,0.35,0,-11.094,1,0.0537,0.41,0.00134,0.0927,0.178,129.842,audio_features,7DfFc7a6Rwfi3YQMRbDMau,spotify:track:7DfFc7a6Rwfi3YQMRbDMau,https://api.spotify.com/v1/tracks/7DfFc7a6Rwfi3YQMRbDMau,https://api.spotify.com/v1/audio-analysis/7DfFc7a6Rwfi3YQMRbDMau,200747,4,71,Frank Ocean,Frictionless
0.473,0.461,6,-6.474,0,0.333,0.149,0,0.0973,0.615,165.985,audio_features,3Z2sglqDj1rDRMF5x0Sz2R,spotify:track:3Z2sglqDj1rDRMF5x0Sz2R,https://api.spotify.com/v1/tracks/3Z2sglqDj1rDRMF5x0Sz2R,https://api.spotify.com/v1/audio-analysis/3Z2sglqDj1rDRMF5x0Sz2R,234213,4,72,Childish Gambino,Frictionless
0.289,0.254,7,-11.218,0,0.0474,0.871,0.0745,0.135,0.185,77.499,audio_features,2IqjKEBiz0CdLKdkXhxw84,spotify:track:2IqjKEBiz0CdLKdkXhxw84,https://api.spotify.com/v1/tracks/2IqjKEBiz0CdLKdkXhxw84,https://api.spotify.com/v1/audio-analysis/2IqjKEBiz0CdLKdkXhxw84,223600,4,63,James Blake,Frictionless
0.399,0.247,11,-11.473,0,0.0632,0.95,0.000428,0.105,0.493,84.093,audio_features,1fOkmYW3ZFkkjIdOZSf596,spotify:track:1fOkmYW3ZFkkjIdOZSf596,https://api.spotify.com/v1/tracks/1fOkmYW3ZFkkjIdOZSf596,https://api.spotify.com/v1/audio-analysis/1fOkmYW3ZFkkjIdOZSf596,268813,4,62,Frank Ocean,Frictionless
0.701,0.499,4,-6.237,1,0.241,0.0233,0,0.404,0.605,85.034,audio_features,6XctgMwCmHKiT64snRdI34,spotify:track:6XctgMwCmHKiT64snRdI34,https://api.spotify.com/v1/tracks/6XctgMwCmHKiT64snRdI34,https://api.spotify.com/v1/audio-analysis/6XctgMwCmHKiT64snRdI34,150760,4,44,NxWorries,Frictionless
0.531,0.67,2,-6.889,0,0.0741,0.116,0,0.378,0.808,87.729,audio_features,2HSOplZKcSsrO4Wof9yWSp,spotify:track:2HSOplZKcSsrO4Wof9yWSp,https://api.spotify.com/v1/tracks/2HSOplZKcSsrO4Wof9yWSp,https://api.spotify.com/v1/audio-analysis/2HSOplZKcSsrO4Wof9yWSp,147573,3,47,NxWorries,Frictionless
0.276,0.358,9,-7.684,1,0.0443,0.779,2.5e-06,0.0728,0.13,81.977,audio_features,2pMPWE7PJH1PizfgGRMnR9,spotify:track:2pMPWE7PJH1PizfgGRMnR9,https://api.spotify.com/v1/tracks/2pMPWE7PJH1PizfgGRMnR9,https://api.spotify.com/v1/audio-analysis/2pMPWE7PJH1PizfgGRMnR9,175453,4,58,Frank Ocean,Frictionless
0.535,0.124,1,-14.362,0,0.0313,0.969,0.22,0.0619,0.106,133.867,audio_features,5cw7g1XATH9ghXX1Qm82BX,spotify:track:5cw7g1XATH9ghXX1Qm82BX,https://api.spotify.com/v1/tracks/5cw7g1XATH9ghXX1Qm82BX,https://api.spotify.com/v1/audio-analysis/5cw7g1XATH9ghXX1Qm82BX,214080,3,56,Childish Gambino,Frictionless
0.745,0.356,1,-10.425,1,0.0941,0.172,0.00943,0.123,0.607,160.033,audio_features,3kxfsdsCpFgN412fpnW85Y,spotify:track:3kxfsdsCpFgN412fpnW85Y,https://api.spotify.com/v1/tracks/3kxfsdsCpFgN412fpnW85Y,https://api.spotify.com/v1/audio-analysis/3kxfsdsCpFgN412fpnW85Y,326933,4,80,Childish Gambino,Frictionless
0.684,0.585,2,-7.601,1,0.0712,0.357,1.23e-06,0.728,0.335,148.507,audio_features,2WlOO5UM3eoEQt7Z2z3PU1,spotify:track:2WlOO5UM3eoEQt7Z2z3PU1,https://api.spotify.com/v1/tracks/2WlOO5UM3eoEQt7Z2z3PU1,https://api.spotify.com/v1/audio-analysis/2WlOO5UM3eoEQt7Z2z3PU1,237166,4,53,Anderson .Paak,Frictionless
0.774,0.586,10,-10.434,0,0.301,0.0234,0.000726,0.0562,0.642,85.075,audio_features,2oLwDI8tZUOh6SmTMRRfKs,spotify:track:2oLwDI8tZUOh6SmTMRRfKs,https://api.spotify.com/v1/tracks/2oLwDI8tZUOh6SmTMRRfKs,https://api.spotify.com/v1/audio-analysis/2oLwDI8tZUOh6SmTMRRfKs,265200,4,55,OutKast,Frictionless
0.722,0.661,1,-5.711,0,0.373,0.245,0,0.176,0.156,89.294,audio_features,4V3N5LvUOh3yDPP16cwAhE,spotify:track:4V3N5LvUOh3yDPP16cwAhE,https://api.spotify.com/v1/tracks/4V3N5LvUOh3yDPP16cwAhE,https://api.spotify.com/v1/audio-analysis/4V3N5LvUOh3yDPP16cwAhE,319240,4,51,OutKast,Frictionless
0.703,0.331,8,-9.72,1,0.514,0.445,0,0.322,0.18,80.118,audio_features,4hP7NIeToP2hU6lyvIHPyp,spotify:track:4hP7NIeToP2hU6lyvIHPyp,https://api.spotify.com/v1/tracks/4hP7NIeToP2hU6lyvIHPyp,https://api.spotify.com/v1/audio-analysis/4hP7NIeToP2hU6lyvIHPyp,259339,4,55,Smino,Frictionless
0.658,0.535,9,-8.983,0,0.0573,0.0265,0,0.2,0.419,110.684,audio_features,6SwRhMLwNqEi6alNPVG00n,spotify:track:6SwRhMLwNqEi6alNPVG00n,https://api.spotify.com/v1/tracks/6SwRhMLwNqEi6alNPVG00n,https://api.spotify.com/v1/audio-analysis/6SwRhMLwNqEi6alNPVG00n,227360,4,75,Kendrick Lamar,Frictionless
0.665,0.535,4,-7.056,0,0.0572,0.0786,1.68e-05,0.154,0.37,138.842,audio_features,6IZvVAP7VPPnsGX6bvgkqg,spotify:track:6IZvVAP7VPPnsGX6bvgkqg,https://api.spotify.com/v1/tracks/6IZvVAP7VPPnsGX6bvgkqg,https://api.spotify.com/v1/audio-analysis/6IZvVAP7VPPnsGX6bvgkqg,275253,4,66,Kendrick Lamar,Frictionless
0.64,0.548,7,-6.965,1,0.147,0.543,3.1e-06,0.303,0.181,148.077,audio_features,6gtNiLJNLBcV0P6Juenstp,spotify:track:6gtNiLJNLBcV0P6Juenstp,https://api.spotify.com/v1/tracks/6gtNiLJNLBcV0P6Juenstp,https://api.spotify.com/v1/audio-analysis/6gtNiLJNLBcV0P6Juenstp,212495,4,59,Frank Ocean,Frictionless
0.681,0.333,9,-8.582,1,0.0974,0.588,0,0.086,0.564,118.05,audio_features,371H6HjS4SXGbQ9IVfFUIL,spotify:track:371H6HjS4SXGbQ9IVfFUIL,https://api.spotify.com/v1/tracks/371H6HjS4SXGbQ9IVfFUIL,https://api.spotify.com/v1/audio-analysis/371H6HjS4SXGbQ9IVfFUIL,227655,4,59,Frank Ocean,Frictionless
0.827,0.673,5,-8.401,0,0.23,0.192,0.00136,0.146,0.779,78.007,audio_features,1VZLEW5ZfcAbKZ94XQiSZF,spotify:track:1VZLEW5ZfcAbKZ94XQiSZF,https://api.spotify.com/v1/tracks/1VZLEW5ZfcAbKZ94XQiSZF,https://api.spotify.com/v1/audio-analysis/1VZLEW5ZfcAbKZ94XQiSZF,85754,4,60,Frank Ocean,Frictionless
0.775,0.308,6,-12.652,1,0.0905,0.215,1.43e-05,0.104,0.633,75.954,audio_features,0oLQRGhq7ltPDF6ThfqQdc,spotify:track:0oLQRGhq7ltPDF6ThfqQdc,https://api.spotify.com/v1/tracks/0oLQRGhq7ltPDF6ThfqQdc,https://api.spotify.com/v1/audio-analysis/0oLQRGhq7ltPDF6ThfqQdc,202691,4,52,BROCKHAMPTON,Frictionless
0.416,0.412,9,-11.262,1,0.0361,0.511,0.000423,0.241,0.409,116.84,audio_features,1cuYCAodLWgzhwE2KFZ8rC,spotify:track:1cuYCAodLWgzhwE2KFZ8rC,https://api.spotify.com/v1/tracks/1cuYCAodLWgzhwE2KFZ8rC,https://api.spotify.com/v1/audio-analysis/1cuYCAodLWgzhwE2KFZ8rC,154406,3,60,BROCKHAMPTON,Frictionless
0.776,0.503,0,-5.732,0,0.237,0.874,0,0.112,0.473,110.134,audio_features,6Nle9hKrkL1wQpwNfEkxjh,spotify:track:6Nle9hKrkL1wQpwNfEkxjh,https://api.spotify.com/v1/tracks/6Nle9hKrkL1wQpwNfEkxjh,https://api.spotify.com/v1/audio-analysis/6Nle9hKrkL1wQpwNfEkxjh,210285,4,73,Frank Ocean,Frictionless
0.795,0.594,0,-6.2,1,0.0747,0.111,0,0.162,0.409,135.002,audio_features,0q75NwOoFiARAVp4EXU4Bs,spotify:track:0q75NwOoFiARAVp4EXU4Bs,https://api.spotify.com/v1/tracks/0q75NwOoFiARAVp4EXU4Bs,https://api.spotify.com/v1/audio-analysis/0q75NwOoFiARAVp4EXU4Bs,275080,4,78,SZA,Frictionless
0.466,0.548,5,-9.362,0,0.118,0.42,1.01e-06,0.113,0.423,89.815,audio_features,7eqoqGkKwgOaWNNHx90uEZ,spotify:track:7eqoqGkKwgOaWNNHx90uEZ,https://api.spotify.com/v1/tracks/7eqoqGkKwgOaWNNHx90uEZ,https://api.spotify.com/v1/audio-analysis/7eqoqGkKwgOaWNNHx90uEZ,307151,4,74,Frank Ocean,Frictionless
0.658,0.294,4,-8.533,0,0.0321,0.422,5.2e-05,0.0749,0.358,74.038,audio_features,7zFXmv6vqI4qOt4yGf3jYZ,spotify:track:7zFXmv6vqI4qOt4yGf3jYZ,https://api.spotify.com/v1/tracks/7zFXmv6vqI4qOt4yGf3jYZ,https://api.spotify.com/v1/audio-analysis/7zFXmv6vqI4qOt4yGf3jYZ,278180,4,76,Daniel Caesar,Frictionless
0.559,0.578,8,-9.54,1,0.151,0.79,0.000522,0.324,0.239,79.938,audio_features,5WNYg3usc6H8N3MBEp4zVk,spotify:track:5WNYg3usc6H8N3MBEp4zVk,https://api.spotify.com/v1/tracks/5WNYg3usc6H8N3MBEp4zVk,https://api.spotify.com/v1/audio-analysis/5WNYg3usc6H8N3MBEp4zVk,320720,4,71,"Tyler, The Creator",Frictionless
0.598,0.252,2,-15.086,1,0.0647,0.193,0.138,0.0992,0.0352,120.06,audio_features,4S7YHmlWwfwArgd8LfSPud,spotify:track:4S7YHmlWwfwArgd8LfSPud,https://api.spotify.com/v1/tracks/4S7YHmlWwfwArgd8LfSPud,https://api.spotify.com/v1/audio-analysis/4S7YHmlWwfwArgd8LfSPud,238307,4,72,A$AP Rocky,Frictionless
0.759,0.245,6,-6.545,1,0.138,0.515,0.000154,0.102,0.209,96.992,audio_features,4cxMGhkinTocPSVVKWIw0d,spotify:track:4cxMGhkinTocPSVVKWIw0d,https://api.spotify.com/v1/tracks/4cxMGhkinTocPSVVKWIw0d,https://api.spotify.com/v1/audio-analysis/4cxMGhkinTocPSVVKWIw0d,237507,4,77,Russ,Frictionless
0.558,0.559,6,-9.222,1,0.0959,0.371,7.49e-06,0.109,0.62,78.558,audio_features,7KA4W4McWYRpgf0fWsJZWB,spotify:track:7KA4W4McWYRpgf0fWsJZWB,https://api.spotify.com/v1/tracks/7KA4W4McWYRpgf0fWsJZWB,https://api.spotify.com/v1/audio-analysis/7KA4W4McWYRpgf0fWsJZWB,180387,4,77,"Tyler, The Creator",Frictionless
0.765,0.356,11,-5.556,0,0.196,0.222,0,0.0963,0.19,97.001,audio_features,3pXF1nA74528Edde4of9CC,spotify:track:3pXF1nA74528Edde4of9CC,https://api.spotify.com/v1/tracks/3pXF1nA74528Edde4of9CC,https://api.spotify.com/v1/audio-analysis/3pXF1nA74528Edde4of9CC,198293,4,76,Bryson Tiller,Frictionless
0.622,0.699,7,-6.514,1,0.0466,0.107,0,0.114,0.386,133.931,audio_features,5hQAvqoRM00q0dVJxAJmCn,spotify:track:5hQAvqoRM00q0dVJxAJmCn,https://api.spotify.com/v1/tracks/5hQAvqoRM00q0dVJxAJmCn,https://api.spotify.com/v1/audio-analysis/5hQAvqoRM00q0dVJxAJmCn,234213,4,53,Post Malone,Frictionless
0.443,0.635,11,-5.404,0,0.223,0.455,2.07e-05,0.285,0.672,93.742,audio_features,7A3ETuOrieyx9KSF0sn0Zf,spotify:track:7A3ETuOrieyx9KSF0sn0Zf,https://api.spotify.com/v1/tracks/7A3ETuOrieyx9KSF0sn0Zf,https://api.spotify.com/v1/audio-analysis/7A3ETuOrieyx9KSF0sn0Zf,241680,4,55,Kendrick Lamar,Frictionless
0.765,0.58,1,-7.582,1,0.471,0.177,0,0.162,0.785,63.576,audio_features,09CqF6VVL6G7NwkCj3M2lU,spotify:track:09CqF6VVL6G7NwkCj3M2lU,https://api.spotify.com/v1/tracks/09CqF6VVL6G7NwkCj3M2lU,https://api.spotify.com/v1/audio-analysis/09CqF6VVL6G7NwkCj3M2lU,220157,4,57,Smino,Frictionless
0.611,0.454,0,-7.436,0,0.201,0.469,1.52e-06,0.189,0.444,93.004,audio_features,1h2LHhmyAXi8tPNLi806JA,spotify:track:1h2LHhmyAXi8tPNLi806JA,https://api.spotify.com/v1/tracks/1h2LHhmyAXi8tPNLi806JA,https://api.spotify.com/v1/audio-analysis/1h2LHhmyAXi8tPNLi806JA,311000,4,61,Noname,Frictionless
0.685,0.545,7,-6.189,1,0.061,0.173,1.44e-05,0.237,0.506,94.061,audio_features,25GlFJq5QNAXyVgJvCZ4Mf,spotify:track:25GlFJq5QNAXyVgJvCZ4Mf,https://api.spotify.com/v1/tracks/25GlFJq5QNAXyVgJvCZ4Mf,https://api.spotify.com/v1/audio-analysis/25GlFJq5QNAXyVgJvCZ4Mf,312360,4,59,Anderson .Paak,Frictionless
0.539,0.399,1,-8.016,1,0.045,0.186,0.00255,0.131,0.118,78.248,audio_features,432hUIl3ISDeytYW5XBQ5h,spotify:track:432hUIl3ISDeytYW5XBQ5h,https://api.spotify.com/v1/tracks/432hUIl3ISDeytYW5XBQ5h,https://api.spotify.com/v1/audio-analysis/432hUIl3ISDeytYW5XBQ5h,301587,4,66,Kanye West,Frictionless
0.548,0.435,6,-10.778,0,0.123,0.437,0,0.128,0.673,173.629,audio_features,1CgklNC8BYasY6wYfiQBC7,spotify:track:1CgklNC8BYasY6wYfiQBC7,https://api.spotify.com/v1/tracks/1CgklNC8BYasY6wYfiQBC7,https://api.spotify.com/v1/audio-analysis/1CgklNC8BYasY6wYfiQBC7,349827,3,22,Bootsy Collins,Frictionless
0.596,0.362,3,-11.879,0,0.0535,0.735,0.00216,0.654,0.175,132.067,audio_features,0P5bg4JX1fUplClPC0nkUS,spotify:track:0P5bg4JX1fUplClPC0nkUS,https://api.spotify.com/v1/tracks/0P5bg4JX1fUplClPC0nkUS,https://api.spotify.com/v1/audio-analysis/0P5bg4JX1fUplClPC0nkUS,316188,4,59,Sampha,Frictionless
0.752,0.533,11,-8.986,0,0.0348,0.151,5.05e-05,0.114,0.461,114.984,audio_features,2R1Q4cxCUuOK7SJzxblk5k,spotify:track:2R1Q4cxCUuOK7SJzxblk5k,https://api.spotify.com/v1/tracks/2R1Q4cxCUuOK7SJzxblk5k,https://api.spotify.com/v1/audio-analysis/2R1Q4cxCUuOK7SJzxblk5k,281946,4,48,Sampha,Frictionless
0.65,0.418,6,-12.363,1,0.0451,0.467,0.000108,0.101,0.265,127.206,audio_features,4Pkst1hmHJ8dUdOaBqdee7,spotify:track:4Pkst1hmHJ8dUdOaBqdee7,https://api.spotify.com/v1/tracks/4Pkst1hmHJ8dUdOaBqdee7,https://api.spotify.com/v1/audio-analysis/4Pkst1hmHJ8dUdOaBqdee7,233857,4,57,Sampha,Frictionless
0.608,0.676,1,-7.56,1,0.248,0.212,0,0.347,0.57,80.939,audio_features,0qLt7pQhm8LDxFgI0YXdlY,spotify:track:0qLt7pQhm8LDxFgI0YXdlY,https://api.spotify.com/v1/tracks/0qLt7pQhm8LDxFgI0YXdlY,https://api.spotify.com/v1/audio-analysis/0qLt7pQhm8LDxFgI0YXdlY,260632,4,61,Isaiah Rashad,Frictionless
0.762,0.476,0,-12.686,1,0.114,0.366,0,0.103,0.375,130.007,audio_features,40yJGQyEaBbIkXpwMFkXip,spotify:track:40yJGQyEaBbIkXpwMFkXip,https://api.spotify.com/v1/tracks/40yJGQyEaBbIkXpwMFkXip,https://api.spotify.com/v1/audio-analysis/40yJGQyEaBbIkXpwMFkXip,243270,4,72,Lil Yachty,Frictionless
0.544,0.552,9,-7.45,1,0.0991,0.67,4.57e-05,0.415,0.554,159.738,audio_features,3xKsf9qdS1CyvXSMEid6g8,spotify:track:3xKsf9qdS1CyvXSMEid6g8,https://api.spotify.com/v1/tracks/3xKsf9qdS1CyvXSMEid6g8,https://api.spotify.com/v1/audio-analysis/3xKsf9qdS1CyvXSMEid6g8,184516,3,74,Frank Ocean,Frictionless
0.497,0.55,8,-6.13,1,0.0257,0.847,0.049,0.119,0.542,79.955,audio_features,66dQdXAbtuPdSasezCQVZE,spotify:track:66dQdXAbtuPdSasezCQVZE,https://api.spotify.com/v1/tracks/66dQdXAbtuPdSasezCQVZE,https://api.spotify.com/v1/audio-analysis/66dQdXAbtuPdSasezCQVZE,204939,4,62,BROCKHAMPTON,Frictionless
0.741,0.61,6,-7.34,0,0.0512,0.315,0,0.534,0.72,125.99,audio_features,2pg2TiYo9Rb8KeB5JjP7jS,spotify:track:2pg2TiYo9Rb8KeB5JjP7jS,https://api.spotify.com/v1/tracks/2pg2TiYo9Rb8KeB5JjP7jS,https://api.spotify.com/v1/audio-analysis/2pg2TiYo9Rb8KeB5JjP7jS,276960,4,73,Jhene Aiko,Frictionless
0.692,0.713,10,-4.489,0,0.351,0.343,0,0.102,0.615,137.36,audio_features,593W4qZOwwdqF6YnimJjL6,spotify:track:593W4qZOwwdqF6YnimJjL6,https://api.spotify.com/v1/tracks/593W4qZOwwdqF6YnimJjL6,https://api.spotify.com/v1/audio-analysis/593W4qZOwwdqF6YnimJjL6,266080,4,69,SZA,Frictionless
0.706,0.483,1,-7.929,1,0.0393,0.547,1.94e-06,0.136,0.663,92.002,audio_features,2x5Frs6ts14U4MSLrQQlXg,spotify:track:2x5Frs6ts14U4MSLrQQlXg,https://api.spotify.com/v1/tracks/2x5Frs6ts14U4MSLrQQlXg,https://api.spotify.com/v1/audio-analysis/2x5Frs6ts14U4MSLrQQlXg,331827,4,61,Phony Ppl,Frictionless
0.719,0.615,6,-5.972,1,0.045,0.408,0.000147,0.235,0.465,96.988,audio_features,48EjSdYh8wz2gBxxqzrsLe,spotify:track:48EjSdYh8wz2gBxxqzrsLe,https://api.spotify.com/v1/tracks/48EjSdYh8wz2gBxxqzrsLe,https://api.spotify.com/v1/audio-analysis/48EjSdYh8wz2gBxxqzrsLe,250973,4,65,Solange,Frictionless
0.667,0.523,10,-9.477,0,0.329,0.532,2.12e-05,0.137,0.409,143.934,audio_features,71lyUtIPCMAYjTwwwxy2jW,spotify:track:71lyUtIPCMAYjTwwwxy2jW,https://api.spotify.com/v1/tracks/71lyUtIPCMAYjTwwwxy2jW,https://api.spotify.com/v1/audio-analysis/71lyUtIPCMAYjTwwwxy2jW,232571,4,65,Isaiah Rashad,Frictionless
0.603,0.783,6,-4.023,1,0.062,0.449,7.96e-06,0.119,0.775,172.041,audio_features,37y7iDayfwm3WXn5BiAoRk,spotify:track:37y7iDayfwm3WXn5BiAoRk,https://api.spotify.com/v1/tracks/37y7iDayfwm3WXn5BiAoRk,https://api.spotify.com/v1/audio-analysis/37y7iDayfwm3WXn5BiAoRk,173104,4,64,Steve Lacy,Frictionless
0.823,0.411,0,-7.061,1,0.0557,0.409,0.00135,0.649,0.397,90.997,audio_features,2TyCAfhwu5tRqFW8VnGMIL,spotify:track:2TyCAfhwu5tRqFW8VnGMIL,https://api.spotify.com/v1/tracks/2TyCAfhwu5tRqFW8VnGMIL,https://api.spotify.com/v1/audio-analysis/2TyCAfhwu5tRqFW8VnGMIL,257547,4,60,Solange,Frictionless
0.537,0.558,11,-8.678,1,0.0929,0.263,0.91,0.102,0.505,131.037,audio_features,1MJ5f5EYBC92ADD6xcz7nb,spotify:track:1MJ5f5EYBC92ADD6xcz7nb,https://api.spotify.com/v1/tracks/1MJ5f5EYBC92ADD6xcz7nb,https://api.spotify.com/v1/audio-analysis/1MJ5f5EYBC92ADD6xcz7nb,231724,4,67,Mac DeMarco,Frictionless
0.686,0.592,6,-7.398,0,0.26,0.114,1.16e-06,0.248,0.364,89.013,audio_features,6zWU7YALeEDMcPGhKKZJhV,spotify:track:6zWU7YALeEDMcPGhKKZJhV,https://api.spotify.com/v1/tracks/6zWU7YALeEDMcPGhKKZJhV,https://api.spotify.com/v1/audio-analysis/6zWU7YALeEDMcPGhKKZJhV,194157,4,66,Masego,Frictionless
0.679,0.513,0,-10.326,1,0.0764,0.153,0.082,0.102,0.622,75.969,audio_features,3KQvcYqWgMnG6MCg1aeXif,spotify:track:3KQvcYqWgMnG6MCg1aeXif,https://api.spotify.com/v1/tracks/3KQvcYqWgMnG6MCg1aeXif,https://api.spotify.com/v1/audio-analysis/3KQvcYqWgMnG6MCg1aeXif,214554,4,50,Thundercat,Frictionless
0.82,0.596,11,-7.539,1,0.246,0.517,0.00159,0.358,0.54,94.968,audio_features,32sBVB5HmrwJ6e9g0S2BRL,spotify:track:32sBVB5HmrwJ6e9g0S2BRL,https://api.spotify.com/v1/tracks/32sBVB5HmrwJ6e9g0S2BRL,https://api.spotify.com/v1/audio-analysis/32sBVB5HmrwJ6e9g0S2BRL,172653,4,58,Loyle Carner,Frictionless
0.455,0.524,9,-5.691,0,0.147,0.147,0,0.161,0.584,74.885,audio_features,18YB1U2346cnPCBAbmga8h,spotify:track:18YB1U2346cnPCBAbmga8h,https://api.spotify.com/v1/tracks/18YB1U2346cnPCBAbmga8h,https://api.spotify.com/v1/audio-analysis/18YB1U2346cnPCBAbmga8h,156133,4,56,NxWorries,Frictionless
0.72,0.705,1,-7.686,1,0.436,0.0694,0,0.118,0.473,109.649,audio_features,11gXs1fmRhR5Q6PxD3Lhr4,spotify:track:11gXs1fmRhR5Q6PxD3Lhr4,https://api.spotify.com/v1/tracks/11gXs1fmRhR5Q6PxD3Lhr4,https://api.spotify.com/v1/audio-analysis/11gXs1fmRhR5Q6PxD3Lhr4,205680,4,58,Masego,Frictionless
0.584,0.647,7,-5.464,1,0.207,0.686,0,0.106,0.341,91.765,audio_features,4jpBAzEAWq9GVyELGtkKAx,spotify:track:4jpBAzEAWq9GVyELGtkKAx,https://api.spotify.com/v1/tracks/4jpBAzEAWq9GVyELGtkKAx,https://api.spotify.com/v1/audio-analysis/4jpBAzEAWq9GVyELGtkKAx,250545,4,24,Jorja Smith,Frictionless
0.586,0.404,1,-10.402,0,0.21,0.692,0.00372,0.0908,0.347,90.563,audio_features,5GUvXUx0GbyBKO2f8yQxFn,spotify:track:5GUvXUx0GbyBKO2f8yQxFn,https://api.spotify.com/v1/tracks/5GUvXUx0GbyBKO2f8yQxFn,https://api.spotify.com/v1/audio-analysis/5GUvXUx0GbyBKO2f8yQxFn,184889,5,59,Monte Booker,Frictionless
0.852,0.664,9,-5.179,1,0.123,0.12,0.00113,0.0737,0.148,95.815,audio_features,7LNI08YZRk67lg7KaPABfg,spotify:track:7LNI08YZRk67lg7KaPABfg,https://api.spotify.com/v1/tracks/7LNI08YZRk67lg7KaPABfg,https://api.spotify.com/v1/audio-analysis/7LNI08YZRk67lg7KaPABfg,212044,4,58,Tom Misch,Frictionless
0.719,0.487,9,-6.21,0,0.0604,0.711,8.36e-05,0.0958,0.345,121.729,audio_features,1DoS5ql0TW3ejjJGHbsAmz,spotify:track:1DoS5ql0TW3ejjJGHbsAmz,https://api.spotify.com/v1/tracks/1DoS5ql0TW3ejjJGHbsAmz,https://api.spotify.com/v1/audio-analysis/1DoS5ql0TW3ejjJGHbsAmz,301639,4,71,Masego,Frictionless
0.677,0.669,1,-4.503,1,0.0632,0.259,0.849,0.14,0.222,170.087,audio_features,3l75jB2gKi4VpgklWIbTOz,spotify:track:3l75jB2gKi4VpgklWIbTOz,https://api.spotify.com/v1/tracks/3l75jB2gKi4VpgklWIbTOz,https://api.spotify.com/v1/audio-analysis/3l75jB2gKi4VpgklWIbTOz,226168,4,58,Masego,Frictionless
0.845,0.57,0,-8.441,1,0.0802,0.0957,0.414,0.0813,0.466,113.003,audio_features,64s75Jxg5DILfpihY7q56H,spotify:track:64s75Jxg5DILfpihY7q56H,https://api.spotify.com/v1/tracks/64s75Jxg5DILfpihY7q56H,https://api.spotify.com/v1/audio-analysis/64s75Jxg5DILfpihY7q56H,269815,4,52,Tom Misch,Frictionless
0.606,0.503,7,-6.678,0,0.155,0.0475,0,0.116,0.31,80.04,audio_features,2qUZliZ9NHUYIAZqRNe6pZ,spotify:track:2qUZliZ9NHUYIAZqRNe6pZ,https://api.spotify.com/v1/tracks/2qUZliZ9NHUYIAZqRNe6pZ,https://api.spotify.com/v1/audio-analysis/2qUZliZ9NHUYIAZqRNe6pZ,228147,4,62,KAYTRANADA,Frictionless
0.362,0.236,9,-11.081,1,0.0468,0.706,0.139,0.109,0.0434,88.421,audio_features,6vPDjg4zuLlJrzgm9vqZCj,spotify:track:6vPDjg4zuLlJrzgm9vqZCj,https://api.spotify.com/v1/tracks/6vPDjg4zuLlJrzgm9vqZCj,https://api.spotify.com/v1/audio-analysis/6vPDjg4zuLlJrzgm9vqZCj,342604,4,57,Tom Misch,Frictionless
0.777,0.662,7,-8.393,1,0.27,0.536,4.61e-06,0.593,0.634,111.13,audio_features,3DlgDXIYtnWtJKiB8bZQMv,spotify:track:3DlgDXIYtnWtJKiB8bZQMv,https://api.spotify.com/v1/tracks/3DlgDXIYtnWtJKiB8bZQMv,https://api.spotify.com/v1/audio-analysis/3DlgDXIYtnWtJKiB8bZQMv,201733,4,63,Saba,Frictionless
0.772,0.256,7,-8.545,0,0.0481,0.491,0.00612,0.144,0.357,118.902,audio_features,2k9N4caeCIJLOWwWwssrEM,spotify:track:2k9N4caeCIJLOWwWwssrEM,https://api.spotify.com/v1/tracks/2k9N4caeCIJLOWwWwssrEM,https://api.spotify.com/v1/audio-analysis/2k9N4caeCIJLOWwWwssrEM,210240,3,64,Bruno Major,Frictionless
0.514,0.278,2,-10.861,1,0.0517,0.64,0.00268,0.108,0.185,106.44,audio_features,7Jpbi0eEG3WGUhScLt5BgA,spotify:track:7Jpbi0eEG3WGUhScLt5BgA,https://api.spotify.com/v1/tracks/7Jpbi0eEG3WGUhScLt5BgA,https://api.spotify.com/v1/audio-analysis/7Jpbi0eEG3WGUhScLt5BgA,214622,4,44,Bruno Major,Frictionless
0.89,0.523,6,-8.526,1,0.056,0.453,1.58e-06,0.0831,0.345,111.031,audio_features,7kty80M5em0GzhtraLTwEJ,spotify:track:7kty80M5em0GzhtraLTwEJ,https://api.spotify.com/v1/tracks/7kty80M5em0GzhtraLTwEJ,https://api.spotify.com/v1/audio-analysis/7kty80M5em0GzhtraLTwEJ,242196,4,59,Xavier Omär,Frictionless
0.41,0.169,3,-11.422,1,0.0485,0.847,0.00327,0.117,0.208,89.494,audio_features,6SEolIp22t0DzeBfCBo3hr,spotify:track:6SEolIp22t0DzeBfCBo3hr,https://api.spotify.com/v1/tracks/6SEolIp22t0DzeBfCBo3hr,https://api.spotify.com/v1/audio-analysis/6SEolIp22t0DzeBfCBo3hr,311837,4,62,FKJ,Frictionless
0.753,0.76,6,-4.518,0,0.0859,0.446,3.13e-05,0.182,0.657,91.953,audio_features,0lMbuWUpfTWhEmOKxppEau,spotify:track:0lMbuWUpfTWhEmOKxppEau,https://api.spotify.com/v1/tracks/0lMbuWUpfTWhEmOKxppEau,https://api.spotify.com/v1/audio-analysis/0lMbuWUpfTWhEmOKxppEau,272653,4,69,Calvin Harris,Frictionless
0.58,0.565,0,-7.065,0,0.0488,0.0671,0,0.135,0.138,112.986,audio_features,7fBv7CLKzipRk6EC6TWHOB,spotify:track:7fBv7CLKzipRk6EC6TWHOB,https://api.spotify.com/v1/tracks/7fBv7CLKzipRk6EC6TWHOB,https://api.spotify.com/v1/audio-analysis/7fBv7CLKzipRk6EC6TWHOB,242253,4,77,The Weeknd,Frictionless
0.572,0.209,8,-10.413,1,0.0313,0.765,0,0.356,0.446,80.069,audio_features,5GUYJTQap5F3RDQiCOJhrS,spotify:track:5GUYJTQap5F3RDQiCOJhrS,https://api.spotify.com/v1/tracks/5GUYJTQap5F3RDQiCOJhrS,https://api.spotify.com/v1/audio-analysis/5GUYJTQap5F3RDQiCOJhrS,249668,4,71,Frank Ocean,Frictionless
0.945,0.702,11,-5.016,0,0.12,0.591,0.000538,0.0788,0.678,119.887,audio_features,5bknBRjKJZ643DAN2w8Yoy,spotify:track:5bknBRjKJZ643DAN2w8Yoy,https://api.spotify.com/v1/tracks/5bknBRjKJZ643DAN2w8Yoy,https://api.spotify.com/v1/audio-analysis/5bknBRjKJZ643DAN2w8Yoy,259000,4,67,BROCKHAMPTON,Frictionless
0.776,0.484,6,-7.751,0,0.0631,0.019,0.000311,0.0611,0.348,158.005,audio_features,3pMVlQLrftCAcz138bSQKF,spotify:track:3pMVlQLrftCAcz138bSQKF,https://api.spotify.com/v1/tracks/3pMVlQLrftCAcz138bSQKF,https://api.spotify.com/v1/audio-analysis/3pMVlQLrftCAcz138bSQKF,186985,4,48,Portugal. The Man,Frictionless
0.758,0.448,7,-9.441,1,0.103,0.0309,8.67e-05,0.558,0.373,77.176,audio_features,2XW4DbS6NddZxRPm5rMCeY,spotify:track:2XW4DbS6NddZxRPm5rMCeY,https://api.spotify.com/v1/tracks/2XW4DbS6NddZxRPm5rMCeY,https://api.spotify.com/v1/audio-analysis/2XW4DbS6NddZxRPm5rMCeY,198960,4,80,Drake,Frictionless
0.616,0.459,8,-6.616,1,0.427,0.0598,5.08e-06,0.287,0.622,79.937,audio_features,2HmpP4f48ptsSQVufmiW1m,spotify:track:2HmpP4f48ptsSQVufmiW1m,https://api.spotify.com/v1/tracks/2HmpP4f48ptsSQVufmiW1m,https://api.spotify.com/v1/audio-analysis/2HmpP4f48ptsSQVufmiW1m,213339,4,59,Leon Thomas,Frictionless
0.59,0.498,9,-6.845,1,0.0827,0.162,0,0.0947,0.504,80.022,audio_features,6gSw5vz7dcafda23VqMrnl,spotify:track:6gSw5vz7dcafda23VqMrnl,https://api.spotify.com/v1/tracks/6gSw5vz7dcafda23VqMrnl,https://api.spotify.com/v1/audio-analysis/6gSw5vz7dcafda23VqMrnl,194337,4,65,Kevin Abstract,Frictionless
0.463,0.698,1,-4.456,1,0.0368,0.0215,4.65e-06,0.238,0.351,93.072,audio_features,1AUA7JlrARv430PUJRK0Lp,spotify:track:1AUA7JlrARv430PUJRK0Lp,https://api.spotify.com/v1/tracks/1AUA7JlrARv430PUJRK0Lp,https://api.spotify.com/v1/audio-analysis/1AUA7JlrARv430PUJRK0Lp,238249,4,56,Kevin Abstract,Frictionless
0.575,0.714,6,-5.247,1,0.0596,0.395,0,0.115,0.32,144.982,audio_features,47Bg6IrMed1GPbxRgwH2aC,spotify:track:47Bg6IrMed1GPbxRgwH2aC,https://api.spotify.com/v1/tracks/47Bg6IrMed1GPbxRgwH2aC,https://api.spotify.com/v1/audio-analysis/47Bg6IrMed1GPbxRgwH2aC,262231,4,75,Rex Orange County,Frictionless
0.281,0.0842,4,-17.476,1,0.0474,0.97,7.09e-06,0.0776,0.088,202.416,audio_features,7fxHpjrR6YwyFcp19P6tv6,spotify:track:7fxHpjrR6YwyFcp19P6tv6,https://api.spotify.com/v1/tracks/7fxHpjrR6YwyFcp19P6tv6,https://api.spotify.com/v1/audio-analysis/7fxHpjrR6YwyFcp19P6tv6,259735,4,57,Rex Orange County,Frictionless
0.423,0.294,5,-13.673,0,0.0593,0.882,5.43e-06,0.0981,0.401,129.146,audio_features,4xR3MAscflQ262kMeiKshQ,spotify:track:4xR3MAscflQ262kMeiKshQ,https://api.spotify.com/v1/tracks/4xR3MAscflQ262kMeiKshQ,https://api.spotify.com/v1/audio-analysis/4xR3MAscflQ262kMeiKshQ,184600,4,62,Frank Ocean,Frictionless
0.444,0.0924,0,-15.605,1,0.0366,0.784,0,0.304,0.219,108.917,audio_features,2LMkwUfqC6S6s6qDVlEuzV,spotify:track:2LMkwUfqC6S6s6qDVlEuzV,https://api.spotify.com/v1/tracks/2LMkwUfqC6S6s6qDVlEuzV,https://api.spotify.com/v1/audio-analysis/2LMkwUfqC6S6s6qDVlEuzV,248808,4,66,Frank Ocean,Frictionless
0.81,0.308,0,-8.194,1,0.0818,0.354,0,0.0899,0.56,120.012,audio_features,3ml3WB66sqG4kXoPBX2POA,spotify:track:3ml3WB66sqG4kXoPBX2POA,https://api.spotify.com/v1/tracks/3ml3WB66sqG4kXoPBX2POA,https://api.spotify.com/v1/audio-analysis/3ml3WB66sqG4kXoPBX2POA,204000,4,65,Berhana,Frictionless
0.654,0.325,2,-11.925,1,0.282,0.74,2.14e-05,0.152,0.39,139.886,audio_features,6R6ihJhRbgu7JxJKIbW57w,spotify:track:6R6ihJhRbgu7JxJKIbW57w,https://api.spotify.com/v1/tracks/6R6ihJhRbgu7JxJKIbW57w,https://api.spotify.com/v1/audio-analysis/6R6ihJhRbgu7JxJKIbW57w,243238,4,68,Frank Ocean,Frictionless
0.377,0.255,4,-11.165,0,0.0387,0.975,0.000208,0.102,0.37,125.004,audio_features,1BViPjTT585XAhkUUrkts0,spotify:track:1BViPjTT585XAhkUUrkts0,https://api.spotify.com/v1/tracks/1BViPjTT585XAhkUUrkts0,https://api.spotify.com/v1/audio-analysis/1BViPjTT585XAhkUUrkts0,334570,5,62,Frank Ocean,Frictionless
0.431,0.773,2,-5.002,1,0.0636,0.0264,0,0.348,0.504,111.387,audio_features,2RGe02P8xxSF9syj0ltPjX,spotify:track:2RGe02P8xxSF9syj0ltPjX,https://api.spotify.com/v1/tracks/2RGe02P8xxSF9syj0ltPjX,https://api.spotify.com/v1/audio-analysis/2RGe02P8xxSF9syj0ltPjX,270927,4,60,Cosmo Pyke,Frictionless
0.728,0.607,1,-8.417,0,0.132,0.133,0,0.0864,0.445,129.938,audio_features,15EPc80XuFrb2LmOzGjuRg,spotify:track:15EPc80XuFrb2LmOzGjuRg,https://api.spotify.com/v1/tracks/15EPc80XuFrb2LmOzGjuRg,https://api.spotify.com/v1/audio-analysis/15EPc80XuFrb2LmOzGjuRg,176702,4,74,GoldLink,Frictionless
0.784,0.554,7,-6.417,1,0.03,0.00548,0.254,0.0995,0.634,104.01,audio_features,4riDfclV7kPDT9D58FpmHd,spotify:track:4riDfclV7kPDT9D58FpmHd,https://api.spotify.com/v1/tracks/4riDfclV7kPDT9D58FpmHd,https://api.spotify.com/v1/audio-analysis/4riDfclV7kPDT9D58FpmHd,118393,4,59,Steve Lacy,Frictionless
0.578,0.523,0,-5.538,0,0.0429,0.493,0,0.147,0.29,134.931,audio_features,06u5LrUpbosQlQ1QJFhPpG,spotify:track:06u5LrUpbosQlQ1QJFhPpG,https://api.spotify.com/v1/tracks/06u5LrUpbosQlQ1QJFhPpG,https://api.spotify.com/v1/audio-analysis/06u5LrUpbosQlQ1QJFhPpG,231400,4,68,SZA,Frictionless
0.478,0.387,6,-13.568,1,0.304,0.324,0,0.108,0.382,138.657,audio_features,0l2LhLBnjGfKEaQldBKV9Y,spotify:track:0l2LhLBnjGfKEaQldBKV9Y,https://api.spotify.com/v1/tracks/0l2LhLBnjGfKEaQldBKV9Y,https://api.spotify.com/v1/audio-analysis/0l2LhLBnjGfKEaQldBKV9Y,174857,4,47,Ameer Vann,Frictionless
0.399,0.468,2,-8.646,1,0.0336,0.244,0.000168,0.103,0.249,111.884,audio_features,28GbaBYFpYi1J61fXnGSfd,spotify:track:28GbaBYFpYi1J61fXnGSfd,https://api.spotify.com/v1/tracks/28GbaBYFpYi1J61fXnGSfd,https://api.spotify.com/v1/audio-analysis/28GbaBYFpYi1J61fXnGSfd,238480,4,64,Rex Orange County,Frictionless
0.414,0.373,6,-10.59,0,0.028,0.506,0.0335,0.128,0.19,81.939,audio_features,3Q3VhCDPc9g7qUoVtzbumb,spotify:track:3Q3VhCDPc9g7qUoVtzbumb,https://api.spotify.com/v1/tracks/3Q3VhCDPc9g7qUoVtzbumb,https://api.spotify.com/v1/audio-analysis/3Q3VhCDPc9g7qUoVtzbumb,240000,4,50,Matt Champion,Frictionless
0.543,0.298,0,-9.167,1,0.0683,0.597,1.49e-06,0.0804,0.254,125.523,audio_features,1x1BKrrpq7CfOZPBeUsx16,spotify:track:1x1BKrrpq7CfOZPBeUsx16,https://api.spotify.com/v1/tracks/1x1BKrrpq7CfOZPBeUsx16,https://api.spotify.com/v1/audio-analysis/1x1BKrrpq7CfOZPBeUsx16,261103,4,67,Berhana,Frictionless
0.834,0.5,9,-7.854,0,0.286,0.133,0,0.0879,0.0935,119.953,audio_features,0BKzgfEqBGumQ8G8TUDP4l,spotify:track:0BKzgfEqBGumQ8G8TUDP4l,https://api.spotify.com/v1/tracks/0BKzgfEqBGumQ8G8TUDP4l,https://api.spotify.com/v1/audio-analysis/0BKzgfEqBGumQ8G8TUDP4l,258027,4,39,Merlyn Wood,Frictionless
0.411,0.618,4,-4.964,0,0.0469,0.109,0,0.279,0.211,120.734,audio_features,0puyikpyVwe8TTv2tvMHeq,spotify:track:0puyikpyVwe8TTv2tvMHeq,https://api.spotify.com/v1/tracks/0puyikpyVwe8TTv2tvMHeq,https://api.spotify.com/v1/audio-analysis/0puyikpyVwe8TTv2tvMHeq,289309,4,58,Cosmo Pyke,Frictionless
0.24,0.116,0,-13.216,1,0.0329,0.877,0.00092,0.1,0.0937,77.349,audio_features,41cpvQ2GyGb2BRdIRSsTqK,spotify:track:41cpvQ2GyGb2BRdIRSsTqK,https://api.spotify.com/v1/tracks/41cpvQ2GyGb2BRdIRSsTqK,https://api.spotify.com/v1/audio-analysis/41cpvQ2GyGb2BRdIRSsTqK,188324,3,68,Frank Ocean,Frictionless
0.543,0.394,8,-9.637,1,0.0864,0.695,0.000239,0.108,0.118,137.811,audio_features,19YKaevk2bce4odJkP5L22,spotify:track:19YKaevk2bce4odJkP5L22,https://api.spotify.com/v1/tracks/19YKaevk2bce4odJkP5L22,https://api.spotify.com/v1/audio-analysis/19YKaevk2bce4odJkP5L22,314075,4,70,Frank Ocean,Frictionless
0.596,0.393,8,-8.714,1,0.383,0.637,0,0.539,0.36,107.425,audio_features,1eQBEelI2NCy7AUTerX0KS,spotify:track:1eQBEelI2NCy7AUTerX0KS,https://api.spotify.com/v1/tracks/1eQBEelI2NCy7AUTerX0KS,https://api.spotify.com/v1/audio-analysis/1eQBEelI2NCy7AUTerX0KS,320680,4,69,Kanye West,I'm a god
0.478,0.395,3,-7.917,1,0.213,0.747,4.73e-06,0.264,0.17,74.515,audio_features,2mmUoyPxzbxehpfm1TpTRK,spotify:track:2mmUoyPxzbxehpfm1TpTRK,https://api.spotify.com/v1/tracks/2mmUoyPxzbxehpfm1TpTRK,https://api.spotify.com/v1/audio-analysis/2mmUoyPxzbxehpfm1TpTRK,294973,3,59,Drake,I'm a god
0.712,0.759,11,-5.397,1,0.334,0.016,0.0808,0.217,0.738,79.103,audio_features,1zsAAnB6dMpGOvXjoYP9Um,spotify:track:1zsAAnB6dMpGOvXjoYP9Um,https://api.spotify.com/v1/tracks/1zsAAnB6dMpGOvXjoYP9Um,https://api.spotify.com/v1/audio-analysis/1zsAAnB6dMpGOvXjoYP9Um,249333,4,61,"Tyler, The Creator",I'm a god
0.579,0.545,8,-8.354,1,0.0418,0.218,0.0913,0.0642,0.483,73.034,audio_features,0m3Ze0cy8qBHSsV2exAfCw,spotify:track:0m3Ze0cy8qBHSsV2exAfCw,https://api.spotify.com/v1/tracks/0m3Ze0cy8qBHSsV2exAfCw,https://api.spotify.com/v1/audio-analysis/0m3Ze0cy8qBHSsV2exAfCw,238333,4,63,Kanye West,I'm a god
0.756,0.529,1,-7.659,0,0.0329,0.0539,0.392,0.112,0.123,119.573,audio_features,1kxeWHF9PrCVZHvVskv8lg,spotify:track:1kxeWHF9PrCVZHvVskv8lg,https://api.spotify.com/v1/tracks/1kxeWHF9PrCVZHvVskv8lg,https://api.spotify.com/v1/audio-analysis/1kxeWHF9PrCVZHvVskv8lg,270307,4,64,Kanye West,I'm a god
0.415,0.681,2,-4.104,0,0.189,0.385,0,0.101,0.364,171.893,audio_features,42GcjriRK6srwHkfbkBqVl,spotify:track:42GcjriRK6srwHkfbkBqVl,https://api.spotify.com/v1/tracks/42GcjriRK6srwHkfbkBqVl,https://api.spotify.com/v1/audio-analysis/42GcjriRK6srwHkfbkBqVl,359800,4,65,Kanye West,I'm a god
0.376,0.841,3,-4.348,0,0.356,0.0435,0,0.578,0.463,76.052,audio_features,1kMuU3TNQvHbqvXCWBodmP,spotify:track:1kMuU3TNQvHbqvXCWBodmP,https://api.spotify.com/v1/tracks/1kMuU3TNQvHbqvXCWBodmP,https://api.spotify.com/v1/audio-analysis/1kMuU3TNQvHbqvXCWBodmP,271947,4,66,Lil Wayne,I'm a god
0.764,0.509,3,-9.208,1,0.104,0.0726,0.000603,0.162,0.383,93.505,audio_features,4osgfFTICMkcGbbigdsa53,spotify:track:4osgfFTICMkcGbbigdsa53,https://api.spotify.com/v1/tracks/4osgfFTICMkcGbbigdsa53,https://api.spotify.com/v1/audio-analysis/4osgfFTICMkcGbbigdsa53,302347,4,67,Frank Ocean,I'm a god
0.592,0.423,3,-8.184,0,0.0904,0.269,0,0.207,0.607,60.014,audio_features,0725YWm6Z0TpZ6wrNk64Eb,spotify:track:0725YWm6Z0TpZ6wrNk64Eb,https://api.spotify.com/v1/tracks/0725YWm6Z0TpZ6wrNk64Eb,https://api.spotify.com/v1/audio-analysis/0725YWm6Z0TpZ6wrNk64Eb,304760,4,64,Frank Ocean,I'm a god
0.452,0.85,10,-2.945,0,0.342,0.0149,0.00367,0.153,0.554,79.453,audio_features,078C2jXg7XsMgW78Gfx1JA,spotify:track:078C2jXg7XsMgW78Gfx1JA,https://api.spotify.com/v1/tracks/078C2jXg7XsMgW78Gfx1JA,https://api.spotify.com/v1/audio-analysis/078C2jXg7XsMgW78Gfx1JA,334363,4,58,"Tyler, The Creator",I'm a god
0.611,0.571,2,-8.833,1,0.167,0.0457,0,0.127,0.35,115.01,audio_features,51cqtusY2TwC6mbN8Vz8iA,spotify:track:51cqtusY2TwC6mbN8Vz8iA,https://api.spotify.com/v1/tracks/51cqtusY2TwC6mbN8Vz8iA,https://api.spotify.com/v1/audio-analysis/51cqtusY2TwC6mbN8Vz8iA,118560,4,55,A$AP Rocky,I'm a god
0.405,0.647,5,-6.109,0,0.0482,0.0134,7.62e-05,0.819,0.196,131.952,audio_features,4QhWbupniDd44EDtnh2bFJ,spotify:track:4QhWbupniDd44EDtnh2bFJ,https://api.spotify.com/v1/tracks/4QhWbupniDd44EDtnh2bFJ,https://api.spotify.com/v1/audio-analysis/4QhWbupniDd44EDtnh2bFJ,592920,4,61,Frank Ocean,I'm a god
0.714,0.566,7,-4.408,1,0.056,0.142,1.25e-06,0.57,0.449,113.074,audio_features,4KW1lqgSr8TKrvBII0Brf8,spotify:track:4KW1lqgSr8TKrvBII0Brf8,https://api.spotify.com/v1/tracks/4KW1lqgSr8TKrvBII0Brf8,https://api.spotify.com/v1/audio-analysis/4KW1lqgSr8TKrvBII0Brf8,135920,4,71,Kanye West,I'm a god
0.575,0.734,2,-4.949,1,0.057,0.0757,0,0.241,0.494,83.986,audio_features,6M0IsaUX4GNyto4niSegfI,spotify:track:6M0IsaUX4GNyto4niSegfI,https://api.spotify.com/v1/tracks/6M0IsaUX4GNyto4niSegfI,https://api.spotify.com/v1/audio-analysis/6M0IsaUX4GNyto4niSegfI,179827,4,75,Post Malone,I'm a god
0.865,0.687,10,-3.744,0,0.217,0.242,0,0.158,0.486,139.023,audio_features,7KOlJ92bu51cltsD9KU5I7,spotify:track:7KOlJ92bu51cltsD9KU5I7,https://api.spotify.com/v1/tracks/7KOlJ92bu51cltsD9KU5I7,https://api.spotify.com/v1/audio-analysis/7KOlJ92bu51cltsD9KU5I7,242407,4,74,Migos,I'm a god
0.82,0.908,10,-6.151,0,0.124,0.328,0.00155,0.296,0.919,98.381,audio_features,276zciJ7Fg7Jk6Ta6QuLkp,spotify:track:276zciJ7Fg7Jk6Ta6QuLkp,https://api.spotify.com/v1/tracks/276zciJ7Fg7Jk6Ta6QuLkp,https://api.spotify.com/v1/audio-analysis/276zciJ7Fg7Jk6Ta6QuLkp,176693,4,63,Anderson .Paak,I'm a god
0.711,0.739,7,-3.804,0,0.129,0.114,0,0.226,0.43,136.919,audio_features,20dP2DaMHIAmwWAbp7peSr,spotify:track:20dP2DaMHIAmwWAbp7peSr,https://api.spotify.com/v1/tracks/20dP2DaMHIAmwWAbp7peSr,https://api.spotify.com/v1/audio-analysis/20dP2DaMHIAmwWAbp7peSr,252256,4,72,Young Thug,I'm a god
0.841,0.728,7,-3.37,1,0.0484,0.0847,0,0.149,0.43,130.049,audio_features,6gBFPUFcJLzWGx4lenP6h2,spotify:track:6gBFPUFcJLzWGx4lenP6h2,https://api.spotify.com/v1/tracks/6gBFPUFcJLzWGx4lenP6h2,https://api.spotify.com/v1/audio-analysis/6gBFPUFcJLzWGx4lenP6h2,243837,4,84,Travis Scott,I'm a god
0.713,0.935,0,-5.778,1,0.0498,0.225,2.6e-05,0.0786,0.812,124.025,audio_features,5YGUD6GFP7ZLGH0nQAKm6c,spotify:track:5YGUD6GFP7ZLGH0nQAKm6c,https://api.spotify.com/v1/tracks/5YGUD6GFP7ZLGH0nQAKm6c,https://api.spotify.com/v1/audio-analysis/5YGUD6GFP7ZLGH0nQAKm6c,237923,4,42,Anderson .Paak,I'm a god
0.736,0.795,1,-3.299,0,0.0545,0.498,1.21e-06,0.254,0.511,104.066,audio_features,6gpcs5eMhJwax4mIfKDYQk,spotify:track:6gpcs5eMhJwax4mIfKDYQk,https://api.spotify.com/v1/tracks/6gpcs5eMhJwax4mIfKDYQk,https://api.spotify.com/v1/audio-analysis/6gpcs5eMhJwax4mIfKDYQk,230813,4,75,Calvin Harris,I'm a god
0.848,0.663,8,-5.606,0,0.245,0.523,0,0.108,0.333,133.993,audio_features,6kl1qtQXQsFiIWRBK24Cfp,spotify:track:6kl1qtQXQsFiIWRBK24Cfp,https://api.spotify.com/v1/tracks/6kl1qtQXQsFiIWRBK24Cfp,https://api.spotify.com/v1/audio-analysis/6kl1qtQXQsFiIWRBK24Cfp,255413,4,67,A$AP Mob,I'm a god
0.7,0.435,7,-9.769,1,0.0526,0.00829,0.00012,0.0925,0.645,125.894,audio_features,4m2lVqfPeSTD3azgBJHowK,spotify:track:4m2lVqfPeSTD3azgBJHowK,https://api.spotify.com/v1/tracks/4m2lVqfPeSTD3azgBJHowK,https://api.spotify.com/v1/audio-analysis/4m2lVqfPeSTD3azgBJHowK,275500,4,57,BROCKHAMPTON,I'm a god
0.907,0.596,10,-4.957,0,0.236,0.0284,0.000193,0.19,0.492,123.045,audio_features,3GZD6HmiNUhxXYf8Gch723,spotify:track:3GZD6HmiNUhxXYf8Gch723,https://api.spotify.com/v1/tracks/3GZD6HmiNUhxXYf8Gch723,https://api.spotify.com/v1/audio-analysis/3GZD6HmiNUhxXYf8Gch723,234093,4,64,Frank Ocean,I'm a god
0.503,0.791,7,-4.329,1,0.322,0.476,0,0.362,0.748,84.432,audio_features,1IIWODSnr5MIIwpdHyX10P,spotify:track:1IIWODSnr5MIIwpdHyX10P,https://api.spotify.com/v1/tracks/1IIWODSnr5MIIwpdHyX10P,https://api.spotify.com/v1/audio-analysis/1IIWODSnr5MIIwpdHyX10P,127256,1,42,Danny Brown,I'm a god
0.689,0.648,3,-5.181,0,0.408,0.0964,0,0.228,0.501,184.122,audio_features,6zEPJJzojnfOrvfyuJiPtF,spotify:track:6zEPJJzojnfOrvfyuJiPtF,https://api.spotify.com/v1/tracks/6zEPJJzojnfOrvfyuJiPtF,https://api.spotify.com/v1/audio-analysis/6zEPJJzojnfOrvfyuJiPtF,197558,4,47,Injury Reserve,I'm a god
0.687,0.672,0,-5.975,0,0.0573,0.198,0,0.175,0.792,80.035,audio_features,42tBlHWL3VfDkUM2iWcc5p,spotify:track:42tBlHWL3VfDkUM2iWcc5p,https://api.spotify.com/v1/tracks/42tBlHWL3VfDkUM2iWcc5p,https://api.spotify.com/v1/audio-analysis/42tBlHWL3VfDkUM2iWcc5p,261000,4,67,BROCKHAMPTON,I'm a god
0.644,0.479,4,-8.352,1,0.177,0.169,0,0.639,0.612,79.929,audio_features,2rmq49FcJ4U3wh1Z7C9UxE,spotify:track:2rmq49FcJ4U3wh1Z7C9UxE,https://api.spotify.com/v1/tracks/2rmq49FcJ4U3wh1Z7C9UxE,https://api.spotify.com/v1/audio-analysis/2rmq49FcJ4U3wh1Z7C9UxE,180680,4,71,Childish Gambino,I'm a god
0.884,0.657,6,-4.569,0,0.0977,0.00589,0,0.154,0.489,107.059,audio_features,0N3W5peJUQtI4eyR6GJT5O,spotify:track:0N3W5peJUQtI4eyR6GJT5O,https://api.spotify.com/v1/tracks/0N3W5peJUQtI4eyR6GJT5O,https://api.spotify.com/v1/audio-analysis/0N3W5peJUQtI4eyR6GJT5O,234693,4,72,Kendrick Lamar,I'm a god
0.813,0.808,2,-5.541,1,0.286,0.00693,0,0.133,0.547,181.993,audio_features,4fndbjoz1qJyK6JcLdKfzm,spotify:track:4fndbjoz1qJyK6JcLdKfzm,https://api.spotify.com/v1/tracks/4fndbjoz1qJyK6JcLdKfzm,https://api.spotify.com/v1/audio-analysis/4fndbjoz1qJyK6JcLdKfzm,192132,4,20,Migos,I'm a god
0.737,0.737,4,-3.72,0,0.238,0.00158,0,0.28,0.5,134.066,audio_features,7J6bnDDitOwfelaJNixHhL,spotify:track:7J6bnDDitOwfelaJNixHhL,https://api.spotify.com/v1/tracks/7J6bnDDitOwfelaJNixHhL,https://api.spotify.com/v1/audio-analysis/7J6bnDDitOwfelaJNixHhL,148560,4,69,Huncho Jack,I'm a god
0.713,0.526,1,-5.046,1,0.032,0.00767,0.000148,0.124,0.131,131.05,audio_features,1wHZx0LgzFHyeIZkUydNXq,spotify:track:1wHZx0LgzFHyeIZkUydNXq,https://api.spotify.com/v1/tracks/1wHZx0LgzFHyeIZkUydNXq,https://api.spotify.com/v1/audio-analysis/1wHZx0LgzFHyeIZkUydNXq,262693,4,75,Travis Scott,I'm a god
0.695,0.628,5,-8.627,1,0.145,0.337,0.219,0.143,0.21,119.949,audio_features,4oRqSiVyGrwb8dnJBO6FNu,spotify:track:4oRqSiVyGrwb8dnJBO6FNu,https://api.spotify.com/v1/tracks/4oRqSiVyGrwb8dnJBO6FNu,https://api.spotify.com/v1/audio-analysis/4oRqSiVyGrwb8dnJBO6FNu,244653,4,57,Childish Gambino,I'm a god
0.907,0.543,6,-6.432,1,0.439,0.00359,0,0.0592,0.464,140.034,audio_features,70DyFzyaMiJV6q4DNm71kM,spotify:track:70DyFzyaMiJV6q4DNm71kM,https://api.spotify.com/v1/tracks/70DyFzyaMiJV6q4DNm71kM,https://api.spotify.com/v1/audio-analysis/70DyFzyaMiJV6q4DNm71kM,191785,4,12,Danny Brown,I'm a god
0.796,0.766,7,-5.974,1,0.238,0.0742,0,0.0827,0.558,110.034,audio_features,3iVcZ5G6tvkXZkZKlMpIUs,spotify:track:3iVcZ5G6tvkXZkZKlMpIUs,https://api.spotify.com/v1/tracks/3iVcZ5G6tvkXZkZKlMpIUs,https://api.spotify.com/v1/audio-analysis/3iVcZ5G6tvkXZkZKlMpIUs,219333,4,71,Kendrick Lamar,I'm a god
0.915,0.54,7,-6.578,1,0.0661,0.445,3.63e-05,0.11,0.111,100.039,audio_features,4uQ7wYsuL0DryknoDc11Hk,spotify:track:4uQ7wYsuL0DryknoDc11Hk,https://api.spotify.com/v1/tracks/4uQ7wYsuL0DryknoDc11Hk,https://api.spotify.com/v1/audio-analysis/4uQ7wYsuL0DryknoDc11Hk,183159,4,68,Vince Staples,I'm a god
0.487,0.729,2,-6.815,1,0.271,0.0538,4.07e-06,0.44,0.217,91.048,audio_features,439TlnnznSiBbQbgXiBqAd,spotify:track:439TlnnznSiBbQbgXiBqAd,https://api.spotify.com/v1/tracks/439TlnnznSiBbQbgXiBqAd,https://api.spotify.com/v1/audio-analysis/439TlnnznSiBbQbgXiBqAd,350120,4,66,Kendrick Lamar,I'm a god
0.808,0.647,11,-6.947,0,0.166,0.0716,0.000466,0.205,0.29,110.036,audio_features,7HRv1sYuwgoea1m0JRvChV,spotify:track:7HRv1sYuwgoea1m0JRvChV,https://api.spotify.com/v1/tracks/7HRv1sYuwgoea1m0JRvChV,https://api.spotify.com/v1/audio-analysis/7HRv1sYuwgoea1m0JRvChV,266000,4,69,BROCKHAMPTON,I'm a god
0.706,0.485,8,-9.671,1,0.331,0.337,0,0.122,0.144,115.414,audio_features,21yRtB6B8EMounImAfHRCP,spotify:track:21yRtB6B8EMounImAfHRCP,https://api.spotify.com/v1/tracks/21yRtB6B8EMounImAfHRCP,https://api.spotify.com/v1/audio-analysis/21yRtB6B8EMounImAfHRCP,205093,4,71,"Tyler, The Creator",I'm a god
0.776,0.388,0,-9.143,1,0.282,0.147,0,0.394,0.294,75.01,audio_features,1xfFPJdRjgDAaMcDgbXwyh,spotify:track:1xfFPJdRjgDAaMcDgbXwyh,https://api.spotify.com/v1/tracks/1xfFPJdRjgDAaMcDgbXwyh,https://api.spotify.com/v1/audio-analysis/1xfFPJdRjgDAaMcDgbXwyh,161000,4,64,BROCKHAMPTON,I'm a god
0.48,0.61,0,-7.042,1,0.305,0.0456,0,0.313,0.297,90.034,audio_features,4bEcoz1OcfMgUbp2ft8ieQ,spotify:track:4bEcoz1OcfMgUbp2ft8ieQ,https://api.spotify.com/v1/tracks/4bEcoz1OcfMgUbp2ft8ieQ,https://api.spotify.com/v1/audio-analysis/4bEcoz1OcfMgUbp2ft8ieQ,255653,4,71,"Tyler, The Creator",I'm a god
0.919,0.519,6,-7.639,0,0.0902,0.0886,0,0.135,0.326,112.991,audio_features,2yJ9GVCLMmzBBfQAnfzlwr,spotify:track:2yJ9GVCLMmzBBfQAnfzlwr,https://api.spotify.com/v1/tracks/2yJ9GVCLMmzBBfQAnfzlwr,https://api.spotify.com/v1/audio-analysis/2yJ9GVCLMmzBBfQAnfzlwr,313573,4,65,ScHoolboy Q,I'm a god
0.886,0.525,8,-7.39,1,0.131,0.236,0,0.057,0.708,145.99,audio_features,7yyRTcZmCiyzzJlNzGC9Ol,spotify:track:7yyRTcZmCiyzzJlNzGC9Ol,https://api.spotify.com/v1/tracks/7yyRTcZmCiyzzJlNzGC9Ol,https://api.spotify.com/v1/audio-analysis/7yyRTcZmCiyzzJlNzGC9Ol,225205,4,70,DRAM,I'm a god
0.865,0.472,11,-7.359,0,0.237,0.223,5.39e-05,0.109,0.843,130.011,audio_features,5FX89IUKm9QJT9ymrmyK4k,spotify:track:5FX89IUKm9QJT9ymrmyK4k,https://api.spotify.com/v1/tracks/5FX89IUKm9QJT9ymrmyK4k,https://api.spotify.com/v1/audio-analysis/5FX89IUKm9QJT9ymrmyK4k,192029,4,62,Isaiah Rashad,I'm a god
0.681,0.621,1,-10.024,1,0.34,0.036,0.00555,0.138,0.428,135.538,audio_features,33pDmPx2pkJ7JCAQpRDQ9B,spotify:track:33pDmPx2pkJ7JCAQpRDQ9B,https://api.spotify.com/v1/tracks/33pDmPx2pkJ7JCAQpRDQ9B,https://api.spotify.com/v1/audio-analysis/33pDmPx2pkJ7JCAQpRDQ9B,298027,4,64,KAYTRANADA,I'm a god
0.732,0.75,11,-6.366,0,0.231,0.00264,0,0.109,0.401,155.096,audio_features,7GX5flRQZVHRAGd6B4TmDO,spotify:track:7GX5flRQZVHRAGd6B4TmDO,https://api.spotify.com/v1/tracks/7GX5flRQZVHRAGd6B4TmDO,https://api.spotify.com/v1/audio-analysis/7GX5flRQZVHRAGd6B4TmDO,182707,4,86,Lil Uzi Vert,I'm a god
0.489,0.718,6,-5.989,1,0.11,0.0122,0,0.0546,0.0568,207.986,audio_features,1j6kDJttn6wbVyMaM42Nxm,spotify:track:1j6kDJttn6wbVyMaM42Nxm,https://api.spotify.com/v1/tracks/1j6kDJttn6wbVyMaM42Nxm,https://api.spotify.com/v1/audio-analysis/1j6kDJttn6wbVyMaM42Nxm,126960,4,67,A$AP Rocky,I'm a god
0.593,0.764,8,-5.905,1,0.274,0.0693,0,0.134,0.377,150.16,audio_features,6A3hUBzQ0k6chtNJlGxDQn,spotify:track:6A3hUBzQ0k6chtNJlGxDQn,https://api.spotify.com/v1/tracks/6A3hUBzQ0k6chtNJlGxDQn,https://api.spotify.com/v1/audio-analysis/6A3hUBzQ0k6chtNJlGxDQn,256253,4,50,Injury Reserve,I'm a god
0.92,0.674,1,-5.662,0,0.264,0.307,0,0.104,0.741,141.967,audio_features,6p8NuHm8uCGnn2Dtbtf7zE,spotify:track:6p8NuHm8uCGnn2Dtbtf7zE,https://api.spotify.com/v1/tracks/6p8NuHm8uCGnn2Dtbtf7zE,https://api.spotify.com/v1/audio-analysis/6p8NuHm8uCGnn2Dtbtf7zE,304041,4,78,Migos,I'm a god
0.556,0.45,5,-11.874,1,0.0338,0.0105,0.0483,0.0707,0.25,117.99,audio_features,4r0GVpjSsKSR1biv4fOoa5,spotify:track:4r0GVpjSsKSR1biv4fOoa5,https://api.spotify.com/v1/tracks/4r0GVpjSsKSR1biv4fOoa5,https://api.spotify.com/v1/audio-analysis/4r0GVpjSsKSR1biv4fOoa5,379227,3,66,Childish Gambino,I'm a god
0.864,0.551,3,-5.198,1,0.22,0.144,0,0.104,0.38,139.934,audio_features,0tPShxf8VJUH6RBDEP3tVB,spotify:track:0tPShxf8VJUH6RBDEP3tVB,https://api.spotify.com/v1/tracks/0tPShxf8VJUH6RBDEP3tVB,https://api.spotify.com/v1/audio-analysis/0tPShxf8VJUH6RBDEP3tVB,238534,4,59,Wiz Khalifa,I'm a god
0.898,0.547,3,-5.707,0,0.313,0.484,1.04e-05,0.37,0.763,100.01,audio_features,6eL1ncVDtQHgSm3E288TS7,spotify:track:6eL1ncVDtQHgSm3E288TS7,https://api.spotify.com/v1/tracks/6eL1ncVDtQHgSm3E288TS7,https://api.spotify.com/v1/audio-analysis/6eL1ncVDtQHgSm3E288TS7,198133,4,66,Vince Staples,I'm a god
0.549,0.725,1,-7.239,1,0.397,0.0539,3.52e-05,0.148,0.547,108.822,audio_features,430qNtapCS3Ue1yoSql1oV,spotify:track:430qNtapCS3Ue1yoSql1oV,https://api.spotify.com/v1/tracks/430qNtapCS3Ue1yoSql1oV,https://api.spotify.com/v1/audio-analysis/430qNtapCS3Ue1yoSql1oV,206267,4,65,"Tyler, The Creator",I'm a god
0.692,0.983,1,-3.469,1,0.29,0.0417,0,0.21,0.792,75.992,audio_features,6dHatCnuOb1TdBIeJTK3Y0,spotify:track:6dHatCnuOb1TdBIeJTK3Y0,https://api.spotify.com/v1/tracks/6dHatCnuOb1TdBIeJTK3Y0,https://api.spotify.com/v1/audio-analysis/6dHatCnuOb1TdBIeJTK3Y0,319434,4,54,Danny Brown,I'm a god
0.924,0.716,11,-5.801,1,0.165,0.0716,0,0.201,0.254,129.987,audio_features,4Kw3CztmD15X1QGDnnHmLD,spotify:track:4Kw3CztmD15X1QGDnnHmLD,https://api.spotify.com/v1/tracks/4Kw3CztmD15X1QGDnnHmLD,https://api.spotify.com/v1/audio-analysis/4Kw3CztmD15X1QGDnnHmLD,287992,4,59,Migos,I'm a god
0.483,0.841,5,-5.115,0,0.0964,0.0108,2.71e-06,0.382,0.204,114.382,audio_features,7ItFoQDmQIh3MAPsxiP6Vt,spotify:track:7ItFoQDmQIh3MAPsxiP6Vt,https://api.spotify.com/v1/tracks/7ItFoQDmQIh3MAPsxiP6Vt,https://api.spotify.com/v1/audio-analysis/7ItFoQDmQIh3MAPsxiP6Vt,177025,4,52,Danny Brown,I'm a god
0.863,0.576,5,-5.687,0,0.239,0.124,0,0.143,0.832,132.054,audio_features,55OdqrG8WLmsYyY1jijD9b,spotify:track:55OdqrG8WLmsYyY1jijD9b,https://api.spotify.com/v1/tracks/55OdqrG8WLmsYyY1jijD9b,https://api.spotify.com/v1/audio-analysis/55OdqrG8WLmsYyY1jijD9b,236293,4,69,Young Thug,I'm a god
0.817,0.587,2,-6.502,1,0.108,0.052,0.00165,0.185,0.352,140.062,audio_features,2XaInsPPUkZRkY4uFJ3AHK,spotify:track:2XaInsPPUkZRkY4uFJ3AHK,https://api.spotify.com/v1/tracks/2XaInsPPUkZRkY4uFJ3AHK,https://api.spotify.com/v1/audio-analysis/2XaInsPPUkZRkY4uFJ3AHK,209143,4,70,Gucci Mane,I'm a god
0.816,0.245,0,-15.617,0,0.414,0.616,0.000813,0.127,0.187,140.04,audio_features,7EoSDrwBPUBeBEORrpvgko,spotify:track:7EoSDrwBPUBeBEORrpvgko,https://api.spotify.com/v1/tracks/7EoSDrwBPUBeBEORrpvgko,https://api.spotify.com/v1/audio-analysis/7EoSDrwBPUBeBEORrpvgko,138936,4,62,Ugly God,I'm a god
0.95,0.743,10,-5.861,0,0.238,0.0646,1.19e-05,0.103,0.62,136.98,audio_features,76Y0gxtTxN0FyDCYh5qYQj,spotify:track:76Y0gxtTxN0FyDCYh5qYQj,https://api.spotify.com/v1/tracks/76Y0gxtTxN0FyDCYh5qYQj,https://api.spotify.com/v1/audio-analysis/76Y0gxtTxN0FyDCYh5qYQj,257546,4,69,Migos,I'm a god
0.712,0.847,11,-3.088,0,0.147,0.00814,0,0.381,0.594,148.936,audio_features,79ji61eEDBXXcpR0DBjcRP,spotify:track:79ji61eEDBXXcpR0DBjcRP,https://api.spotify.com/v1/tracks/79ji61eEDBXXcpR0DBjcRP,https://api.spotify.com/v1/audio-analysis/79ji61eEDBXXcpR0DBjcRP,224643,4,54,Big K.R.I.T.,I'm a god
0.835,0.413,1,-9.81,1,0.396,0.373,0.00133,0.101,0.111,149.004,audio_features,6fwdbPMwP1zVStm8FybmkO,spotify:track:6fwdbPMwP1zVStm8FybmkO,https://api.spotify.com/v1/tracks/6fwdbPMwP1zVStm8FybmkO,https://api.spotify.com/v1/audio-analysis/6fwdbPMwP1zVStm8FybmkO,258880,4,75,21 Savage,I'm a god
0.803,0.789,10,-3.434,0,0.0383,0.0304,0,0.378,0.647,119.999,audio_features,1rsAFUCa6BVMgRQ3FCQQsi,spotify:track:1rsAFUCa6BVMgRQ3FCQQsi,https://api.spotify.com/v1/tracks/1rsAFUCa6BVMgRQ3FCQQsi,https://api.spotify.com/v1/audio-analysis/1rsAFUCa6BVMgRQ3FCQQsi,106021,4,73,Lil Pump,I'm a god
0.926,0.336,0,-9.326,0,0.594,0.0392,0,0.138,0.38,92.995,audio_features,39hnH8WdPmNT3Q3yzwC9Rg,spotify:track:39hnH8WdPmNT3Q3yzwC9Rg,https://api.spotify.com/v1/tracks/39hnH8WdPmNT3Q3yzwC9Rg,https://api.spotify.com/v1/audio-analysis/39hnH8WdPmNT3Q3yzwC9Rg,196600,4,65,YG,I'm a god
0.703,0.757,1,-3.612,1,0.05,0.617,0,0.106,0.696,82.008,audio_features,2eAZfqOm4EnOF9VvN50Tyc,spotify:track:2eAZfqOm4EnOF9VvN50Tyc,https://api.spotify.com/v1/tracks/2eAZfqOm4EnOF9VvN50Tyc,https://api.spotify.com/v1/audio-analysis/2eAZfqOm4EnOF9VvN50Tyc,221747,4,78,Lil Uzi Vert,I'm a god
0.886,0.427,6,-10.028,1,0.145,0.0312,0.00099,0.0906,0.23,108.034,audio_features,5uDASfU19gDxSjW8cnCaBp,spotify:track:5uDASfU19gDxSjW8cnCaBp,https://api.spotify.com/v1/tracks/5uDASfU19gDxSjW8cnCaBp,https://api.spotify.com/v1/audio-analysis/5uDASfU19gDxSjW8cnCaBp,177184,4,78,Rob $tone,I'm a god
0.878,0.233,5,-11.311,0,0.603,0.242,0,0.0817,0.135,134.956,audio_features,6IgtGf4ZmG3OPLmE1PFXrr,spotify:track:6IgtGf4ZmG3OPLmE1PFXrr,https://api.spotify.com/v1/tracks/6IgtGf4ZmG3OPLmE1PFXrr,https://api.spotify.com/v1/audio-analysis/6IgtGf4ZmG3OPLmE1PFXrr,128669,4,57,Ugly God,I'm a god
0.726,0.769,6,-5.043,1,0.123,0.0293,0.0101,0.104,0.733,97.985,audio_features,3B54sVLJ402zGa6Xm4YGNe,spotify:track:3B54sVLJ402zGa6Xm4YGNe,https://api.spotify.com/v1/tracks/3B54sVLJ402zGa6Xm4YGNe,https://api.spotify.com/v1/audio-analysis/3B54sVLJ402zGa6Xm4YGNe,233902,4,84,French Montana,I'm a god
0.739,0.553,2,-9.129,1,0.245,0.653,0,0.113,0.305,129.925,audio_features,1eQIZQTJ3CQOYJPY7EOUKp,spotify:track:1eQIZQTJ3CQOYJPY7EOUKp,https://api.spotify.com/v1/tracks/1eQIZQTJ3CQOYJPY7EOUKp,https://api.spotify.com/v1/audio-analysis/1eQIZQTJ3CQOYJPY7EOUKp,131063,4,59,Famous Dex,I'm a god
0.365,0.751,2,-5.429,1,0.304,0.000707,0,0.318,0.604,79.119,audio_features,0z5ZPs57J2KERwM1tBM2GF,spotify:track:0z5ZPs57J2KERwM1tBM2GF,https://api.spotify.com/v1/tracks/0z5ZPs57J2KERwM1tBM2GF,https://api.spotify.com/v1/audio-analysis/0z5ZPs57J2KERwM1tBM2GF,248587,4,69,Lil Wayne,I'm a god
0.794,0.51,9,-7.314,1,0.42,0.0505,1.81e-06,0.0562,0.18,167.879,audio_features,19gEmPjfqSZT0ulDRfjl0m,spotify:track:19gEmPjfqSZT0ulDRfjl0m,https://api.spotify.com/v1/tracks/19gEmPjfqSZT0ulDRfjl0m,https://api.spotify.com/v1/audio-analysis/19gEmPjfqSZT0ulDRfjl0m,194561,4,72,Bobby Shmurda,I'm a god
0.718,0.628,10,-6.007,0,0.223,0.543,0,0.116,0.722,92.107,audio_features,2DgMxFMUQRPthW4ROhjen1,spotify:track:2DgMxFMUQRPthW4ROhjen1,https://api.spotify.com/v1/tracks/2DgMxFMUQRPthW4ROhjen1,https://api.spotify.com/v1/audio-analysis/2DgMxFMUQRPthW4ROhjen1,274274,4,71,BROCKHAMPTON,I'm a god
0.941,0.335,5,-10.179,0,0.505,0.17,0,0.262,0.707,120.041,audio_features,5hTpBe8h35rJ67eAWHQsJx,spotify:track:5hTpBe8h35rJ67eAWHQsJx,https://api.spotify.com/v1/tracks/5hTpBe8h35rJ67eAWHQsJx,https://api.spotify.com/v1/audio-analysis/5hTpBe8h35rJ67eAWHQsJx,209640,4,75,Aminé,I'm a god
0.625,0.726,10,-7.731,0,0.155,0.00728,0,0.318,0.483,103.98,audio_features,6C7RJEIUDqKkJRZVWdkfkH,spotify:track:6C7RJEIUDqKkJRZVWdkfkH,https://api.spotify.com/v1/tracks/6C7RJEIUDqKkJRZVWdkfkH,https://api.spotify.com/v1/audio-analysis/6C7RJEIUDqKkJRZVWdkfkH,311867,4,73,Kanye West,I'm a god
0.508,0.763,1,-5.674,1,0.303,0.0627,0,0.347,0.275,161.59,audio_features,4zGvb8hxGLB2jEPRFiRRqw,spotify:track:4zGvb8hxGLB2jEPRFiRRqw,https://api.spotify.com/v1/tracks/4zGvb8hxGLB2jEPRFiRRqw,https://api.spotify.com/v1/audio-analysis/4zGvb8hxGLB2jEPRFiRRqw,192947,4,69,Childish Gambino,I'm a god
0.774,0.431,1,-8.407,1,0.346,0.000146,1.99e-05,0.112,0.353,201.843,audio_features,49ySwzAyvxcNXOkOP6ZB1L,spotify:track:49ySwzAyvxcNXOkOP6ZB1L,https://api.spotify.com/v1/tracks/49ySwzAyvxcNXOkOP6ZB1L,https://api.spotify.com/v1/audio-analysis/49ySwzAyvxcNXOkOP6ZB1L,181400,4,49,Drake,I'm a god
0.919,0.73,1,-6.581,1,0.088,0.00194,8.51e-05,0.101,0.189,95.044,audio_features,6tUgfsOa8PLkoede5nOR7D,spotify:track:6tUgfsOa8PLkoede5nOR7D,https://api.spotify.com/v1/tracks/6tUgfsOa8PLkoede5nOR7D,https://api.spotify.com/v1/audio-analysis/6tUgfsOa8PLkoede5nOR7D,219880,4,19,N.E.R.D,I'm a god
0.895,0.536,6,-8.588,0,0.329,0.122,0,0.119,0.296,112.892,audio_features,5sqHFfmw7MMc1L85BN8802,spotify:track:5sqHFfmw7MMc1L85BN8802,https://api.spotify.com/v1/tracks/5sqHFfmw7MMc1L85BN8802,https://api.spotify.com/v1/audio-analysis/5sqHFfmw7MMc1L85BN8802,288525,4,56,ScHoolboy Q,I'm a god
0.825,0.575,11,-4.87,1,0.0633,0.025,9.94e-06,0.205,0.65,153.954,audio_features,0zO8ctW0UiuOefR87OeJOZ,spotify:track:0zO8ctW0UiuOefR87OeJOZ,https://api.spotify.com/v1/tracks/0zO8ctW0UiuOefR87OeJOZ,https://api.spotify.com/v1/audio-analysis/0zO8ctW0UiuOefR87OeJOZ,299960,4,72,ScHoolboy Q,I'm a god
0.745,0.669,9,-3.613,1,0.129,0.522,0,0.154,0.699,143.164,audio_features,2UzQdfooGVIeGjqcUMOBWY,spotify:track:2UzQdfooGVIeGjqcUMOBWY,https://api.spotify.com/v1/tracks/2UzQdfooGVIeGjqcUMOBWY,https://api.spotify.com/v1/audio-analysis/2UzQdfooGVIeGjqcUMOBWY,181154,4,57,DRAM,I'm a god
0.543,0.915,0,-4.746,0,0.113,0.0162,0,0.744,0.577,153.998,audio_features,2gZUPNdnz5Y45eiGxpHGSc,spotify:track:2gZUPNdnz5Y45eiGxpHGSc,https://api.spotify.com/v1/tracks/2gZUPNdnz5Y45eiGxpHGSc,https://api.spotify.com/v1/audio-analysis/2gZUPNdnz5Y45eiGxpHGSc,292093,4,75,Kanye West,I'm a god
0.828,0.301,2,-12.374,1,0.246,0.16,0,0.0864,0.169,144.998,audio_features,3vtoVqw8chHlWJLkLROfgV,spotify:track:3vtoVqw8chHlWJLkLROfgV,https://api.spotify.com/v1/tracks/3vtoVqw8chHlWJLkLROfgV,https://api.spotify.com/v1/audio-analysis/3vtoVqw8chHlWJLkLROfgV,140063,4,54,Ugly God,I'm a god
0.939,0.659,7,-6.124,1,0.249,0.159,0,0.276,0.681,111.999,audio_features,5kmOA4GG5o3lg7kaFPDfc8,spotify:track:5kmOA4GG5o3lg7kaFPDfc8,https://api.spotify.com/v1/tracks/5kmOA4GG5o3lg7kaFPDfc8,https://api.spotify.com/v1/audio-analysis/5kmOA4GG5o3lg7kaFPDfc8,145787,4,12,Ski Mask The Slump God,I'm a god
0.544,0.92,5,-1.474,0,0.277,0.244,0,0.19,0.519,105.307,audio_features,6HSqyfGnsHYw9MmIpa9zlZ,spotify:track:6HSqyfGnsHYw9MmIpa9zlZ,https://api.spotify.com/v1/tracks/6HSqyfGnsHYw9MmIpa9zlZ,https://api.spotify.com/v1/audio-analysis/6HSqyfGnsHYw9MmIpa9zlZ,357347,5,66,Drake,I'm a god
0.628,0.692,2,-5.64,1,0.202,0.00244,0.013,0.668,0.0964,124.791,audio_features,1ZHYJ2Wwgxes4m8Ba88PeK,spotify:track:1ZHYJ2Wwgxes4m8Ba88PeK,https://api.spotify.com/v1/tracks/1ZHYJ2Wwgxes4m8Ba88PeK,https://api.spotify.com/v1/audio-analysis/1ZHYJ2Wwgxes4m8Ba88PeK,378893,5,68,Kanye West,I'm a god
0.795,0.88,9,-4.694,1,0.228,0.26,1.81e-05,0.381,0.547,139.969,audio_features,6l2Q1Jb5c2VycqDEzp5ZlJ,spotify:track:6l2Q1Jb5c2VycqDEzp5ZlJ,https://api.spotify.com/v1/tracks/6l2Q1Jb5c2VycqDEzp5ZlJ,https://api.spotify.com/v1/audio-analysis/6l2Q1Jb5c2VycqDEzp5ZlJ,219884,4,43,Danny Brown,I'm a god
0.52,0.762,0,-6.603,0,0.338,0.162,0,0.182,0.716,84.11,audio_features,4HFsQRxQLEPleq9UmIzke4,spotify:track:4HFsQRxQLEPleq9UmIzke4,https://api.spotify.com/v1/tracks/4HFsQRxQLEPleq9UmIzke4,https://api.spotify.com/v1/audio-analysis/4HFsQRxQLEPleq9UmIzke4,164534,4,40,Danny Brown,I'm a god
0.775,0.823,1,-6.091,1,0.271,0.000954,0,0.144,0.273,130.041,audio_features,722tgOgdIbNe3BEyLnejw4,spotify:track:722tgOgdIbNe3BEyLnejw4,https://api.spotify.com/v1/tracks/722tgOgdIbNe3BEyLnejw4,https://api.spotify.com/v1/audio-analysis/722tgOgdIbNe3BEyLnejw4,188013,4,73,Kanye West,I'm a god
0.5,0.593,1,-4.34,1,0.0898,0.141,6.21e-06,0.0969,0.329,68.456,audio_features,4cAgkb0ifwn0FSHGXnr4F6,spotify:track:4cAgkb0ifwn0FSHGXnr4F6,https://api.spotify.com/v1/tracks/4cAgkb0ifwn0FSHGXnr4F6,https://api.spotify.com/v1/audio-analysis/4cAgkb0ifwn0FSHGXnr4F6,256093,4,61,Kanye West,I'm a god
0.705,0.769,9,-5.526,0,0.0426,0.112,0,0.105,0.59,107.939,audio_features,22VdIZQfgXJea34mQxlt81,spotify:track:22VdIZQfgXJea34mQxlt81,https://api.spotify.com/v1/tracks/22VdIZQfgXJea34mQxlt81,https://api.spotify.com/v1/audio-analysis/22VdIZQfgXJea34mQxlt81,213520,4,78,The Weeknd,I'm a god
